product Id,product Name,Image name,,,,,
"  ""5261", Garden of Eatin\u0027 Corn Tortilla Chips Red Hot Blues Chips,"bcs0168.jpg""",,,,,
"  ""6487", Emerald Cocoa Roast Almonds,"bcs0751.jpg""",,,,,
"  ""5951", Mr \u0026 Mrs T Pina Colada Mix,"bcs0408.jpg""",,,,,
"  ""4987", Utz Kettle Classic TGI Fridays Cheddar \u0026 Bacon Potato Chips,"bcs0053.jpg""",,,,,
"  ""616", Puffs Softly Eases Sneezes,"DE0136.jpg""",,,,,
"  ""5129", Pepperidge Farm Milano Toasted Marshmallow Cookies,"bcs0102.jpg""",,,,,
"  ""6382", Polar Pineapple Pomello Sparkling Water,"bcs0688.jpg""",,,,,
"  ""6460", Vermont Original Beef \u0026 Pork Sticks,"bcs0724.jpg""",,,,,
"  ""6486", Teddie Premium Selection Extra Fancy Mixed Nuts,"bcs0750.jpg""",,,,,
"  ""6554", Ocean Spray Craisins Dried Cranberries Infused With Blueberry Juice,"bcs0811.jpg""",,,,,
"  ""7046", Capatriti Olive Oil,"No Image.jpg""",,,,,
"  ""499", Tide Plus Febreeze freshness spring \u0026 renewal Laundry Detergent,"DE0044.jpg""",,,,,
"  ""6334", Polar Ruby Red Grapefruit Seltzer,"bcs0645.jpg""",,,,,
"  ""5998", Monster Energy Pipeline Punch 4 Pack,"bcs0449.jpg""",,,,,
"  ""6509", True North Cashew Crunch,"bcs0773.jpg""",,,,,
"  ""6548", Next Organics Dried Coconuts,"bcs0805.jpg""",,,,,
"  ""8274", Woeber\u0027s Whole Grain Dijon Mustard,"No Image.jpg""",,,,,
"  ""557", Xtra Detergent Mountain Rain 50 Loads,"DE0097.jpg""",,,,,
"  ""15516", Food Donation Bag,"1605664132.jpg""",,,,,
"  ""5178", Good Thins Sea Salt and Pepper Rice Snacks Gluten Free,"bcs0119.jpg""",,,,,
"  ""6233", Bubly Sparkling Water Cherry,"bcs0579.jpg""",,,,,
"  ""13119", Apple Cinnamon Toasted Oats,"No Image.jpg""",,,,,
"  ""5200", Milton\u0027s Organic Crackers Multi-grain,"bcs0133.jpg""",,,,,
"  ""6380", Polar Triple Berry Sparkling Water,"bcs0686.jpg""",,,,,
"  ""625", Scotties everyday comfort,"DE0145.jpg""",,,,,
"  ""4169", Certified Angus Beef Thin Top Round Steak,"No Image.jpg""",,,,,
"  ""3451", Bag of Red Seedless Grapes,"f29.jpg""",,,,,
"  ""5981", Master of Mixes Blue Curacao,"bcs0434.jpg""",,,,,
"  ""5907", Starbucks Frappuccino Mocha Almondmilk,"bcs0364.jpg""",,,,,
"  ""5197", Milton\u0027s Craft Bakers Gluten Free Baked Crackers Dire Roasted Vegetables,"bcs0130.jpg""",,,,,
"  ""5358", Nabisco Mini Chips Ahoy! 12 Packs,"bcs0265.jpg""",,,,,
"  ""5926", KITU Super Coffee Hazelnut,"bcs0383.jpg""",,,,,
"  ""5997", Monster Energy Ultra Sunrise 4 Pack,"bcs0448.jpg""",,,,,
"  ""15496", Arrow Home Trick or Treat Candy Bucket,"HS0059.jpg""",,,,,
"  ""6483", Beer Nuts Original Peanuts,"bcs0747.jpg""",,,,,
"  ""5369", Enjoy Life Soft Baked Cookies Gingerbread Spice,"bcs0276.jpg""",,,,,
"  ""8600", Casa Italica Spanish Queens Olives,"No Image.jpg""",,,,,
"  ""528", Arm \u0026 Hammer plus OXI CLEAN 5 in 1 power packs Laundry Detergent,"DE0068.jpg""",,,,,
"  ""5955", Mr \u0026 Mrs T Fiery Pepper Bloody Mary Mix,"bcs0412.jpg""",,,,,
"  ""6349", Polar Cream Soda,"bcs0660.jpg""",,,,,
"  ""4228", Louis Kemp Crab Delights Leg Style Imitation Crab Meat,"No Image.jpg""",,,,,
"  ""5393", Mary\u0027s Gone Crackers Herb Crackers,"bcs0300.jpg""",,,,,
"  ""5906", Starbucks Frappuccino Vanilla Almondmilk,"bcs0363.jpg""",,,,,
"  ""5127", Pepperidge Farm Milano Mint Chocolate Cookies,"bcs0100.jpg""",,,,,
"  ""6485", Teddie Premium Selection Extra Large Virginia Peanuts,"bcs0749.jpg""",,,,,
"  ""5952", Mr \u0026 Mrs T Whiskey Sour Mix,"bcs0409.jpg""",,,,,
"  ""546", Gain Aroma Boost Liquid Laundry Detergent, blissful breeze,"DE0086.jpg""",,,,
"  ""5897", Starbucks Tripleshot Energy Caramel,"bcs0354.jpg""",,,,,
"  ""3738", Infinite Herbs Sleeved Basil Bunch,"No Image.jpg""",,,,,
"  ""6330", Polar Premium Club Soda Cans,"bcs0642.jpg""",,,,,
"  ""6340", Polar Diet Orange Dry Box of Cans,"bcs0651.jpg""",,,,,
"  ""517", Dynamo Purple Wildflowers 60 Loads Laundry Detergent,"DE0057.jpg""",,,,,
"  ""4834", Chex Mix Cheddar Savory Snack Mix,"bcs0006.jpg""",,,,,
"  ""5264", Good Health Veggie Straws Aged White Cheddar,"bcs0171.jpg""",,,,,
"  ""6321", Polar Seltzer Minotaur Mayhem,"bcs0633.jpg""",,,,,
"  ""6397", Polar Seltzer Watermelon Lemonade,"bcs0703.jpg""",,,,,
"  ""6517", Second Nature Dark Chocolate Medley,"bcs0781.jpg""",,,,,
"  ""5391", Kame Rice Crackers Seaweed,"bcs0298.jpg""",,,,,
"  ""15494", Tootsie Pops Minis 200 count,"HS0057.jpg""",,,,,
"  ""8182", Goya Hot Sauce Salsa Picante,"No Image.jpg""",,,,,
"  ""15508", Market Basket Small Show Pumpkin,"HS0071.jpg""",,,,,
"  ""6125", Fanta Strawberry Soda,"bcs0526.jpg""",,,,,
"  ""6254", Crystal Geyser Natural Alpine Spring Water,"bcs0593.jpg""",,,,,
"  ""575", Downy Odor Protect april fresh in wash scent booster Laundry Detergent,"DE0115.jpg""",,,,,
"  ""6207", Sprite Lemon Lime Soda No Caffeine Mini,"bcs0560.jpg""",,,,,
"  ""6533", Sunmaid Chocolate Yogurt Covered Raisins,"bcs0797.jpg""",,,,,
"  ""15464", Haribo Trick or Treat Mix,"HS0027.jpg""",,,,,
"  ""488", Purex 4 in 1 Pacs Mountain Breeze 45 pack Laundry Detergent,"DE0033.jpg""",,,,,
"  ""4193", Perdue Whole Roaster Chicken,"No Image.jpg""",,,,,
"  ""4019", Backyard Cluster Tomatoes,"f290.jpg""",,,,,
"  ""8562", Pastene 100% Pure Olive Oil,"No Image.jpg""",,,,,
"  ""4340", Norwegian Salmon,"No Image.jpg""",,,,,
"  ""10345", Pede Brothers Mini Round Cheese Ravioli,"No Image.jpg""",,,,,
"  ""6209", Sprite Lemon Zero Sugar Lime Soda Box of Cans,"bcs0562.jpg""",,,,,
"  ""15439", Almond Joy Coconut \u0026 Almond Chocolate ,"HS0002.jpg""",,,,,
"  ""6519", Second Nature California Medley,"bcs0783.jpg""",,,,,
"  ""5299", Ritz Toasted Chips 45% Less Fat 100% Whole Grain Multigrain,"bcs0206.jpg""",,,,,
"  ""6545", StoneRidge Mixed Berries,"bcs0802.jpg""",,,,,
"  ""5890", Dunkin\u0027 Donuts Iced Coffee Espresso,"bcs0347.jpg""",,,,,
"  ""15449", Twix Snack Bars,"HS0012.jpg""",,,,,
"  ""5974", Master of Mixes Handcrafted Mojito Mixer,"bcs0427.jpg""",,,,,
"  ""14904", O.B. Pro Comfort Regular Tampons,"No Image.jpg""",,,,,
"  ""15502", Nestle Toll House Funfetti Edible Cookie Dough with candy sprinkles,"HS0065.jpg""",,,,,
"  ""559", Xtra Plus OXI Clean Crystal Clean 40 Loads Laundry Detergent,"DE0099.jpg""",,,,,
"  ""5263", Eatsmart Snacks Veggie Crisps 8 Snack Packs,"bcs0170.jpg""",,,,,
"  ""7459", Goya Whole Tomatillos,"No Image.jpg""",,,,,
"  ""4341", Norwegian Salmon,"No Image.jpg""",,,,,
"  ""12791", Vermont Bread Organic Soft Honey Cracked Wheat Bread,"No Image.jpg""",,,,,
"  ""5363", Tate\u0027s Bake Shop Butter Crunch Cookies,"bcs0270.jpg""",,,,,
"  ""5419", Mini Chips Ahoy! Go Paks,"bcs0326.jpg""",,,,,
"  ""6507", Blue Diamond Lightly Salted Almonds (Sea Salt),"bcs0771.jpg""",,,,,
"  ""4150", Carando Spiral Sliced Ham,"No Image.jpg""",,,,,
"  ""5116", Pepperridge Farm Sanibel Snickerdoodle,"bcs0098.jpg""",,,,,
"  ""5999", Monster Energy 10 Pack,"bcs0450.jpg""",,,,,
"  ""6003", Monster Energy Ultra Paradise,"bcs0454.jpg""",,,,,
"  ""6515", Emerald Roasted \u0026 Salted Cashews,"bcs0779.jpg""",,,,,
"  ""4759", Alaska Gold Coho Salmon Fillet,"No Image.jpg""",,,,,
"  ""6373", Polar Lime Sparkling Water,"bcs0679.jpg""",,,,,
"  ""5323", Kellogg\u0027s Scooby-Doo Baked Graham Cracker Cinnamon,"bcs0230.jpg""",,,,,
"  ""5017", Utz Pork Rinds Chicharrones Original,"bcs0068.jpg""",,,,,
"  ""468", method laundry detergent ginger mango,"DE0013.jpg""",,,,,
"  ""6277", Glaceau Smart Water Alkaline,"bcs0611.jpg""",,,,,
"  ""540", all stainlifters exhilarating laender 66 Loads Laundry Detergent,"DE0080.jpg""",,,,,
"  ""15485", Twizzlers Strawberry Twists Candy,"HS0048.jpg""",,,,,
"  ""10304", Dreamfields Healthy Carb Living Penne Rigate,"No Image.jpg""",,,,,
"  ""6510", True North Almond Pecan Crunch,"bcs0774.jpg""",,,,,
"  ""503", Tide Plus Bleach Original 59 Loads Laundry Detergent,"DE0048.jpg""",,,,,
"  ""4528", Thin \u0027n Trim Ham Steak With Natural Juices,"No Image.jpg""",,,,,
"  ""543", all stainlifters free clear Laundry Detergent,"DE0083.jpg""",,,,,
"  ""493", Tide Simply + OXI Refreshing Breeze 20 Loads Laundry Detergent,"DE0038.jpg""",,,,,
"  ""6350", Polar Diet Pink Grapefruit Dry,"bcs0661.jpg""",,,,,
"  ""541", all stainlifters original detergent 100 Loads,"DE0081.jpg""",,,,,
"  ""5894", Starbucks Tripleshot Energy French Vanilla,"bcs0351.jpg""",,,,,
"  ""15480", Mallo Cup Fun Bits Snack Size ,"HS0043.jpg""",,,,,
"  ""4531", Carando Classic Italian Foods Prosciutto,"No Image.jpg""",,,,,
"  ""563", Era OXIBooster Detergent,"DE0103.jpg""",,,,,
"  ""5136", Pepperidge Farm Verona Blueberry,"bcs0106.jpg""",,,,,
"  ""5349", belVita Toasted Coconut Breakfast Biscuits,"bcs0256.jpg""",,,,,
"  ""6023", Red Bull Energy Drink,"bcs0463.jpg""",,,,,
"  ""4117", Harvestland Fully Cooked Grilled Chicken Breast Strips,"No Image.jpg""",,,,,
"  ""12856", Ruby Bay Quality Nova Bagel Cuts,"No Image.jpg""",,,,,
"  ""483", Purex Natural Elements Linen \u0026 Lilies 57 Loads Laundry Detergent,"DE0028.jpg""",,,,,
"  ""5899", Starbucks Doubleshot Energy Mocha,"bcs0356.jpg""",,,,,
"  ""4212", Perdue Split Chicken Breast With Ribs,"No Image.jpg""",,,,,
"  ""6070", Canada Dry DietGinger Ale,"bcs0495.jpg""",,,,,
"  ""5420", Nutter Butter Bites Peanut Butter,"bcs0327.jpg""",,,,,
"  ""6048", Kool Aid Tropical Punch,"bcs0480.jpg""",,,,,
"  ""6242", Fever-Tree Premium Ginger Beer,"bcs0588.jpg""",,,,,
"  ""6320", Polar Seltzer Unicorn Kisses,"bcs0632.jpg""",,,,,
"  ""377", J Hook Cheesecloth 100% Cotton,"No Image.jpg""",,,,,
"  ""8484", Capatriti Pure Olive Oil,"No Image.jpg""",,,,,
"  ""5389", Kame Rice Crackers Sesame,"bcs0296.jpg""",,,,,
"  ""585", Snuggle exhilarations island hibiscus \u0026 rainflower fabric conditioner,"DE0125.jpg""",,,,,
"  ""4500", Glen Rock Boneless Smoked Ham,"No Image.jpg""",,,,,
"  ""588", Snuggle Scent Shakes Scent Booster Spring Burst,"DE0128.jpg""",,,,,
"  ""6479", River Queen Honey Roasted Peanuts,"bcs0743.jpg""",,,,,
"  ""5931", Loco Coffee Co. Maple Cold Brew Coffee + Maple Water,"bcs0388.jpg""",,,,,
"  ""6199", 7 Up Diet Lemon Lime,"bcs0554.jpg""",,,,,
"  ""6298", Poland Spring Minis Natural Spring Water Minis,"bcs0616.jpg""",,,,,
"  ""7845", Gordon\u0027s Chesapeake Clam Broth Juice,"No Image.jpg""",,,,,
"  ""6377", Polar Original Sparkling Water,"bcs0683.jpg""",,,,,
"  ""5620", Twist Organic Organic Apple, Kale \u0026 Mango Blended Fruit \u0026 Veggie Snack,"No Image.jpg""",,,,
"  ""5696", Amrita Dark Chocolate Crunch Protein Bars,"No Image.jpg""",,,,,
"  ""8362", Gonsalves Honey Orange Blossom,"No Image.jpg""",,,,,
"  ""4141", Gonsalves Choice Boned Salted Codfish,"No Image.jpg""",,,,,
"  ""15500", Nestle Toll House Hocus Pocus Oatmeal Peanut Butter Cookie Dough with chocolate morsels and candy coated gems,"HS0063.jpg""",,,,,
"  ""5940", Powell \u0026 Mahoney Classic Bloody Mary,"bcs0397.jpg""",,,,,
"  ""5959", Mr \u0026 Mrs T Bold \u0026 Spicy Bloody Mary Mix,"bcs0416.jpg""",,,,,
"  ""5405", Back to Nature Organic Roasted Garlic \u0026 Herb Stoneground Wheat Cracker,"bcs0312.jpg""",,,,,
"  ""6362", Polar Seltzer Raspberry Lime,"bcs0671.jpg""",,,,,
"  ""6471", Second Nature California Medley,"bcs0735.jpg""",,,,,
"  ""4217", Springer Skinless Boneless Chicken Breast,"No Image.jpg""",,,,,
"  ""5982", Master of Mixes Agave Syrup,"bcs0435.jpg""",,,,,
"  ""610", HandiWipes MultiUse Reusable Cloths,"DE0156.jpg""",,,,,
"  ""4377", Shady Brook Farms Turkey Thighs,"No Image.jpg""",,,,,
"  ""4535", Columbus Pancetta,"No Image.jpg""",,,,,
"  ""6490", Emerald Whole Almonds,"bcs0754.jpg""",,,,,
"  ""6458", Epic Beef Bar,"bcs0722.jpg""",,,,,
"  ""5262", Eatsmart Organic Veggie Straws Himalayan Pink Salt Gluten Free,"bcs0169.jpg""",,,,,
"  ""3485", Organic Banana,"f77.jpg""",,,,,
"  ""5293", Ritz Toasted Chips 40% Less Fat Sour Cream \u0026 Onion,"bcs0200.jpg""",,,,,
"  ""6378", Polar Cranberry Sparkling Water,"bcs0684.jpg""",,,,,
"  ""4440", Old Neighborhood Linguica,"No Image.jpg""",,,,,
"  ""7082", Marconi Extra Virgin Olive Oil,"No Image.jpg""",,,,,
"  ""622", Scotties everyday comfort,"DE0142.jpg""",,,,,
"  ""4446", Pearl Country Club Beef Frankfurters,"No Image.jpg""",,,,,
"  ""5360", Tate\u0027s Bake Shop Oatmeal Rasin Cookies,"bcs0267.jpg""",,,,,
"  ""4127", Perdue Thin Sliced Skinless Chicken Breast,"No Image.jpg""",,,,,
"  ""3580", Celery Sticks,"f173.jpg""",,,,,
"  ""5571", Rolo Unwrapped Mini Chewy Caramels In Milk Chocolate,"No Image.jpg""",,,,,
"  ""6260", Essentia Water Purified Water,"bcs0596.jpg""",,,,,
"  ""15460", Charms Candy Carnival,"HS0023.jpg""",,,,,
"  ""5918", Peet\u0027s Iced Espresso Vanilla Latte,"bcs0375.jpg""",,,,,
"  ""5412", Nature\u0027s Bakery Fig Bar Strawberry,"bcs0319.jpg""",,,,,
"  ""4836", Chex Mix Bold Snack Mix,"bcs0008.jpg""",,,,,
"  ""15492", M\u0026M\u0027s Glow in the Dark Trick or Treat Packs Milk Chocolate,"HS0055.jpg""",,,,,
"  ""4921", Santitas Corn Tortilla Chips,"bcs0032.jpg""",,,,,
"  ""6309", Poland Spring Sparkling Water, Pomegranate Lemonade,"bcs0621.jpg""",,,,
"  ""519", Ivory Snow Gentle Care Detergent 16 Loads,"DE0059.jpg""",,,,,
"  ""5904", Starbucks Frappuccino Caramel,"bcs0361.jpg""",,,,,
"  ""4758", 41/50 Count Previously Frozen Raw Shrimp,"No Image.jpg""",,,,,
"  ""570", Ultra Downy april fresh 40 Loads Laundry Detergent,"DE0110.jpg""",,,,,
"  ""6000", Monster Energy Ultra Sunrise 10 Pack,"bcs0451.jpg""",,,,,
"  ""309", Glad Cling Wrap,"No Image.jpg""",,,,,
"  ""6475", Superior Nut Company Roasted Almonds,"bcs0739.jpg""",,,,,
"  ""5243", LATE JULY Organic Chia \u0026 Quinoa Restaurant Style Tortilla Chips,"bcs0150.jpg""",,,,,
"  ""463", Sun Triple Clean clean\u0026fresh 134 medium loads laundry detergent,"DE0008.jpg""",,,,,
"  ""518", Dynamo Laundry Detergent Quick Dissolve Sheets 30 Flicks,"DE0058.jpg""",,,,,
"  ""6549", Next Organics Dried Mango,"bcs0806.jpg""",,,,,
"  ""6491", River Queen Dry Roasted Peanuts,"bcs0755.jpg""",,,,,
"  ""4049", Certified Angus Beef Cap Off London Broil,"No Image.jpg""",,,,,
"  ""5948", Finest Call Premium Sweet \u0026 Sour Mix,"bcs0405.jpg""",,,,,
"  ""565", Persil ProClean plus Odor Fighter Detergent Deep Clean 20 Loads,"DE0105.jpg""",,,,,
"  ""5881", 4C Ice Tea Mix Decaffeinated,"bcs0338.jpg""",,,,,
"  ""8356", Coffee Time Coffee Syrup,"No Image.jpg""",,,,,
"  ""572", Downy infusions CALM lavender \u0026 Vanilla bean 48 loads Laundry Detergent,"DE0112.jpg""",,,,,
"  ""4045", Angus Beef Boneless Chuck Eye Steak,"No Image.jpg""",,,,,
"  ""5046", Famous Amos Bite Size Chocolate Chip,"bcs0076.jpg""",,,,,
"  ""587", Snuggle Scent Shakes Scent Booster Original,"DE0127.jpg""",,,,,
"  ""6478", River Queen Salted Premium Mixed Nuts,"bcs0742.jpg""",,,,,
"  ""6332", Polar Premium Ginger Ale Cans,"bcs0644.jpg""",,,,,
"  ""4524", Prosciutto Di San Daniele Dan Daniele Ham,"No Image.jpg""",,,,,
"  ""6191", Schweppes Ginger Ale Box of Cans,"bcs0549.jpg""",,,,,
"  ""3874", Lemon Sunkist Lemons,"f217.jpg""",,,,,
"  ""6177", Pepsi Original,"bcs0543.jpg""",,,,,
"  ""6073", Canada Dry Diet Ginger Ale,"bcs0496.jpg""",,,,,
"  ""6333", Polar Lime Seltzer,"No Image.jpg""",,,,,
"  ""6077", Green Cola No Sugar Box of Cans,"bcs0499.jpg""",,,,,
"  ""5914", Starbucks Frappuccino Mocha Almondmilk 4 Pack,"bcs0371.jpg""",,,,,
"  ""7644", Infinite Herbs Bay Leaf,"No Image.jpg""",,,,,
"  ""4614", Jennie-O Turkey Ham,"No Image.jpg""",,,,,
"  ""4419", Cedar Hommus,"No Image.jpg""",,,,,
"  ""5986", Master of Mixes Blood Orange Margarita Mixer,"bcs0439.jpg""",,,,,
"  ""6101", Coca Cola Caffeine Free Box of Cans,"bcs0511.jpg""",,,,,
"  ""4050", Certified Angus Beef First Cut Top Steak,"No Image.jpg""",,,,,
"  ""505", Tide Plus ultra OXI pods Laundry Detergent,"DE0050.jpg""",,,,,
"  ""15477", Kidz Pik Assortment - Blow Pop, Dubble Bubble, Pops,"HS0040.jpg""",,,
"  ""5385", Real Food Cauliflower Crackers Nacho Flavor,"bcs0292.jpg""",,,,,
"  ""5408", Blue Diamond Nut Thins Artisan Nut Thins Flax Seeds,"bcs0315.jpg""",,,,,
"  ""8590", Cains Babies Polish Dill Gherkins,"No Image.jpg""",,,,,
"  ""12959", Cinco De Mayo Corn Tortillas,"No Image.jpg""",,,,,
"  ""5205", Nabisco Premium Original Topped with Sea Salt Saltine Crackers Family Size,"bcs0137.jpg""",,,,,
"  ""15479", Charms Blow Pop Lemonade Stand,"HS0042.jpg""",,,,,
"  ""6354", Polar Premium Club Soda Lemon,"bcs0665.jpg""",,,,,
"  ""6555", Ocean Spray Cranberry \u0026 Chocolate Trail Mix,"bcs0812.jpg""",,,,,
"  ""5272", Good Health Potato Chips Lime Ranch,"bcs0179.jpg""",,,,,
"  ""5345", belVita Chocolate Breakfast Biscuits,"bcs0252.jpg""",,,,,
"  ""5960", Mr \u0026 Mrs T Original Bloody Mary Mix,"bcs0417.jpg""",,,,,
"  ""5165", Carr\u0027s Entertainment Cracker Collection,"bcs0112.jpg""",,,,,
"  ""4961", Sun Chips 100% Whole Grain Original,"bcs0040.jpg""",,,,,
"  ""5182", Keebler PB \u0026 J Sandwich Crackers,"bcs0122.jpg""",,,,,
"  ""6324", Polar Seltzer Mermaid Songs,"bcs0636.jpg""",,,,,
"  ""5927", KITU Super Coffee Vanilla,"bcs0384.jpg""",,,,,
"  ""571", Ultra Downy free \u0026 gentle 60 loads Laundry Detergent,"DE0111.jpg""",,,,,
"  ""4830", Cape Cod Party Size Waffle Cut Sea Salt,"bcs0005.jpg""",,,,,
"  ""5173", Dare Breton Herb \u0026 Garlic Gluten Free,"bcs0115.jpg""",,,,,
"  ""6005", Monster Energy Ultra Rosa,"bcs0455.jpg""",,,,,
"  ""5911", Starbucks Frappuccino Mocha Light Bottles 4 Pack,"bcs0368.jpg""",,,,,
"  ""5990", Master of Mixes Margarita Mixer,"bcs0443.jpg""",,,,,
"  ""6351", Polar Diet Pink Grapefruit Dry,"bcs0662.jpg""",,,,,
"  ""6452", Bridgford Sweet \u0027N Spicy Beef Jerky,"bcs0716.jpg""",,,,,
"  ""5133", Pepperidge Farm Irish Cream Cookies,"bcs0104.jpg""",,,,,
"  ""6267", Glaceau Vapor Distilled Premium Water Bottle Antitoxidant,"bcs0601.jpg""",,,,,
"  ""6280", Glaceau Smart Water Pineapple Kiwi,"bcs0614.jpg""",,,,,
"  ""5044", Dare Pure Chocolate Whippet Original Cookies,"bcs0075.jpg""",,,,,
"  ""6456", Lorissa\u0027s Kitchen Szechuan Peppercorn Tender Beef Steak Strips,"bcs0720.jpg""",,,,,
"  ""5287", Pringles Wavy Classic Salted,"bcs0194.jpg""",,,,,
"  ""6189", Schweppes Ginger Ale Can,"bcs0547.jpg""",,,,,
"  ""5407", Back to Nature Harvest Whole Wheat Wheat Cracker,"bcs0314.jpg""",,,,,
"  ""4569", Carando Genoa Salami,"No Image.jpg""",,,,,
"  ""5476", Kellogg\u0027s Fiberplus Chewy Bar,"No Image.jpg""",,,,,
"  ""8353", Ben\u0027s Sugar Shack 100% Pure Maple Syrup,"No Image.jpg""",,,,,
"  ""5050", Keebler Deluxe Grahams Original,"bcs0077.jpg""",,,,,
"  ""6094", Coca Cola Original Taste Can,"bcs0504.jpg""",,,,,
"  ""6319", Polar Seltzer Dragon Whispers,"bcs0631.jpg""",,,,,
"  ""4879", Lay\u0027s Honey Barbeque,"bcs0019.jpg""",,,,,
"  ""6348", Polar Cream Soda,"bcs0659.jpg""",,,,,
"  ""548", Gain Aroma Boost Liquid Laundry Detergent, moonlight breeze,"DE0088.jpg""",,,,
"  ""6317", Poland Spring Sparkling Water, Pomegranate Lemonade,"bcs0629.jpg""",,,,
"  ""5930", KITU Super Coffee Caramel,"bcs0387.jpg""",,,,,
"  ""4417", Busseto Foods Perfect For Pizza, Pastas And Omelets!,"No Image.jpg""",,,,
"  ""6014", Red Bull The Coconut Edition - Coconut Berry,"bcs0460.jpg""",,,,,
"  ""12794", When Pigs Fly 100% Whole Wheat Bread,"No Image.jpg""",,,,,
"  ""5916", Starbucks Iced Espresso Caramel Macchiato,"bcs0373.jpg""",,,,,
"  ""3444", Cutie Clementines,"f22.jpg""",,,,,
"  ""5302", Pepperidge Farm Cracker Tro,"bcs0209.jpg""",,,,,
"  ""15461", Hershey\u0027s Kisses Milk Chocolate,"HS0024.jpg""",,,,,
"  ""6404", Sparkling ICE 4 Pack,"bcs0704.jpg""",,,,,
"  ""6030", Red Bull Peach Edition - Peach Nectarine,"bcs0465.jpg""",,,,,
"  ""6352", Polar Premium Club Soda,"bcs0663.jpg""",,,,,
"  ""12895", Fantini Deli Onion Rolls,"No Image.jpg""",,,,,
"  ""621", Kleenex ultra soft,"DE0141.jpg""",,,,,
"  ""5925", Forto Energy Coffee Organic Coffee Latte,"bcs0382.jpg""",,,,,
"  ""5381", Simple Mills Almond Flour Crackers Rosemary \u0026 Sea Salt,"bcs0288.jpg""",,,,,
"  ""4418", Carando Spiral Recipe Sliced Deli Ham,"No Image.jpg""",,,,,
"  ""4924", Smartfood Smart 50 Sea Salt,"bcs0033.jpg""",,,,,
"  ""6040", Rose\u0027s Sweetened Lime Juice,"bcs0473.jpg""",,,,,
"  ""6372", Polar Diet Black Cherry,"bcs0678.jpg""",,,,,
"  ""6551", Ocean Spray Greek Yogurt Cranberry Bites,"bcs0808.jpg""",,,,,
"  ""15451", Skittles Zombie Fun Size,"HS0014.jpg""",,,,,
"  ""5367", Pepperidge Farmhouse Thin \u0026 Crispy Milk Chocolate Chip,"bcs0274.jpg""",,,,,
"  ""5297", Ritz Toasted Chips 50% Less Fat Veggie 100% Whole Grain Wheat,"bcs0204.jpg""",,,,,
"  ""5000", Utz Ripples Sour Cream \u0026 Onion Potato Chips Big Bag,"bcs0055.jpg""",,,,,
"  ""3879", Iceberg Lettuce,"1589079928.jpg""",,,,,
"  ""15438", Hershey All Time Great Snack Size - Hershey\u0027s, KitKat, Reese\u0027s, Almond Joy,"HS0001.jpg""",,
"  ""574", Downy infusions ROMANTIC White Tea \u0026 Peony 48 loads Laundry Detergent,"DE0114.jpg""",,,,,
"  ""4480", Old Neighborhood Hot Italian Sausage,"No Image.jpg""",,,,,
"  ""5980", Master of Mixes Simple Syrup,"bcs0433.jpg""",,,,,
"  ""15443", 85 Pieces Skittles, Starburst Original, Lifesavers Candy, Hubba Bubba Candy,"HS0006.jpg""",,
"  ""504", Tide Plus Downy Pods Laundry Detergent,"DE0049.jpg""",,,,,
"  ""7490", Joseph Russo Peeled Tomatoes,"No Image.jpg""",,,,,
"  ""5972", Master of Mixes Handcrafted Mango Daiquiri \u0026 Margarita Mixer,"bcs0425.jpg""",,,,,
"  ""5880", 4C Ice Tea Mix Decaffeinated,"bcs0337.jpg""",,,,,
"  ""5933", Twix Chocolate Lowfat Milk,"bcs0390.jpg""",,,,,
"  ""473", OxiClean Stain Fighters Fresco aroma Laundry Detergent,"DE0018.jpg""",,,,,
"  ""573", Downy infusions BLISS Sparkling Amber \u0026 Rose 48 loads Laundry Detergent,"DE0113.jpg""",,,,,
"  ""5322", Chips Ahoy! Chunky Chocolate Chip Cookies Family Size,"bcs0229.jpg""",,,,,
"  ""4688", Starkist chunk light tuna,"No Image.jpg""",,,,,
"  ""15505", Market Basket 12 Autumn Mini Vanilla Cupcakes,"HS0068.jpg""",,,,,
"  ""6450", Bridgford Original Beef Jerky,"bcs0714.jpg""",,,,,
"  ""4561", Carando Pepperoni,"No Image.jpg""",,,,,
"  ""4151", Krakus Polish Ham,"No Image.jpg""",,,,,
"  ""4934", Snack Factory Pretzel Crisps, Original, Multi Pack,"bcs0039.jpg""",,,
"  ""6550", Ocean Spray Cranberry Granola Snack Clusters,"bcs0807.jpg""",,,,,
"  ""6409", Spindrift Sparkling Water Lemon \u0026 Brewed Black Tea,"bcs0707.jpg""",,,,,
"  ""4525", Smithfield Hardwood Smoked Ham,"No Image.jpg""",,,,,
"  ""6102", Coca Cola Caffeine Free Diet Coke Box of Cans,"bcs0512.jpg""",,,,,
"  ""8482", Capatriti Olive Oil,"No Image.jpg""",,,,,
"  ""5245", LATE JULY Sweet Potato Tortilla Chips Organic,"bcs0152.jpg""",,,,,
"  ""5377", Kinnikinnick S\u0027moreables Graham Style Crackers,"bcs0284.jpg""",,,,,
"  ""5989", Master of Mixes Loaded Bloody Mary Mixer,"bcs0442.jpg""",,,,,
"  ""8599", Casa Italica Spanish Manzanilla Stuffed Olives,"No Image.jpg""",,,,,
"  ""6336", Polar Lemon Seltzer,"bcs0647.jpg""",,,,,
"  ""4273", Thin \u0027n Trim Fully Cooked Chicken Sausage,"No Image.jpg""",,,,,
"  ""4554", San Daniele Capocollo,"No Image.jpg""",,,,,
"  ""6261", Essentia Water Purified Water,"bcs0597.jpg""",,,,,
"  ""13022", Apple Crunchies Sweetened Multi grain Cereal,"No Image.jpg""",,,,,
"  ""6473", Planters Wholesome Nut Mix,"bcs0737.jpg""",,,,,
"  ""6032", Red Bull Coconut Edition - Coconut Berry,"bcs0467.jpg""",,,,,
"  ""6406", Sparkling ICE 4 Pack,"bcs0706.jpg""",,,,,
"  ""4115", Springer All Natural Whole Chicken,"No Image.jpg""",,,,,
"  ""4610", Thin \u0027n Trim Thinly Sliced Honey Turkey Breast,"No Image.jpg""",,,,,
"  ""6167", Pepsi Zero Sugar,"bcs0540.jpg""",,,,,
"  ""5326", Nabisco Teddy Grahams Chocolate Graham Snacks,"bcs0233.jpg""",,,,,
"  ""6039", Reese Maraschino Cherry with Stem,"bcs0472.jpg""",,,,,
"  ""6114", Dr Pepper Diet Soda,"bcs0520.jpg""",,,,,
"  ""6553", Ocean Spray Craisins Dried Cranberries Infused With Pomegranate Juice,"bcs0810.jpg""",,,,,
"  ""6363", Polar Seltzer Ruby Red Grapefruit,"bcs0672.jpg""",,,,,
"  ""5964", Lipton Decaffeinated Iced Tea Unsweetened,"bcs0418.jpg""",,,,,
"  ""6552", Ocean Spray Milk Chocolate Cranberry Bites,"bcs0809.jpg""",,,,,
"  ""5350", belVita Soft Baked Mixed Berry Breakfast Biscuits,"bcs0257.jpg""",,,,,
"  ""4375", Thin \u0027n Trim Honey Turkey Breast,"No Image.jpg""",,,,,
"  ""5353", Austin Sandwich Crackers Cheddar Cheese on Cheese Crackers,"bcs0260.jpg""",,,,,
"  ""525", Arm \u0026 Hammer Sensitive Skin fresh \u0026 Clear 32 Loads Laundry Detergent,"DE0065.jpg""",,,,,
"  ""5365", Pepperidge Farmhouse Thin \u0026 Crispy Dark Chocolate Chip,"bcs0272.jpg""",,,,,
"  ""6007", Monster Energy Zero Ultra,"bcs0457.jpg""",,,,,
"  ""5339", belVita Sandwich Peanut Butter,"bcs0246.jpg""",,,,,
"  ""4596", Jenny O Oven Roasted Turkey Breast,"No Image.jpg""",,,,,
"  ""5180", Good Thins Three Cheese flavoured Rice Snacks Gluten Free,"bcs0121.jpg""",,,,,
"  ""6068", Canada Dry Diet Ginger Ale,"bcs0494.jpg""",,,,,
"  ""6454", Matador Teriyaki Beef Jerky,"bcs0718.jpg""",,,,,
"  ""5380", Schar Gluten Free Vanilla Wafers,"bcs0287.jpg""",,,,,
"  ""15444", Charms Mini Pops 300 count Peanut Free \u0026 Gluten Free,"HS0007.jpg""",,,,,
"  ""5015", Utz Caramel Popcorn With Peanuts,"bcs0066.jpg""",,,,,
"  ""8743", Joseph\u0027s Pine Nut Hommus,"No Image.jpg""",,,,,
"  ""569", Ultra Downy april fresh 60 Loads Laundry Detergent,"DE0109.jpg""",,,,,
"  ""4106", Thin \u0027n Trim Chicken Sausage, Apple And Cinnamon,"No Image.jpg""",,,,
"  ""4376", Thin \u0027n Trim Thinly Sliced Smoked Turkey Breast,"No Image.jpg""",,,,,
"  ""5160", Olde Cape Cod Oyster Crackers Multi-pack,"bcs0110.jpg""",,,,,
"  ""6231", Aha Sparkling Water Citrus + Green Tea,"bcs0578.jpg""",,,,,
"  ""15514", Market Basket Fleurette Flower Pot - Yellow,"HS0077.jpg""",,,,,
"  ""6512", Salt \u0026 Pepper Cashews,"bcs0776.jpg""",,,,,
"  ""4126", Perdue Thin Sliced Chicken Breasts,"No Image.jpg""",,,,,
"  ""5057", Keebler Fudge Sticks Fudge Covered Creme Wafer,"bcs0082.jpg""",,,,,
"  ""6498", Kars Peanut Butter \u0027N Dark Chocolate,"bcs0762.jpg""",,,,,
"  ""15358", Sundown Naturals Saw Palmetto Herbal Supplememt,"No Image.jpg""",,,,,
"  ""6480", River Queen Spanish Peanuts,"bcs0744.jpg""",,,,,
"  ""6492", River Queen Unsalted Dry Roasted Sunflower Seeds,"bcs0756.jpg""",,,,,
"  ""4556", San Daniele Italian Gourmet Pack Hot Calabrese, Pepper Salame, Hot Capocollo,"No Image.jpg""",,,
"  ""6037", The Ginger People Organic Ginger Juice,"bcs0470.jpg""",,,,,
"  ""581", Downy Unstoppables inwash scent booster Fresh Frais,"DE0121.jpg""",,,,,
"  ""6308", Poland Spring Sparkling Water, Ruby Red Grapefruit,"bcs0620.jpg""",,,,
"  ""4481", Old Neighborhood Italian Sweet Sausage,"No Image.jpg""",,,,,
"  ""5062", Keebler Sandies Shortbread Classic,"bcs0085.jpg""",,,,,
"  ""13122", Bear Naked Honey Almond,"No Image.jpg""",,,,,
"  ""7887", Chunk light tuna,"No Image.jpg""",,,,,
"  ""5313", Chocolate Creme Oreo Family Size,"bcs0220.jpg""",,,,,
"  ""6099", Coca Cola Zero Sugar Box of Cans,"bcs0509.jpg""",,,,,
"  ""6535", Sunmaid California Sun-dried Raisins,"bcs0799.jpg""",,,,,
"  ""5388", Kame Rice Crackers Cheese,"bcs0295.jpg""",,,,,
"  ""6246", Canada Dry Ginger Ale,"bcs0591.jpg""",,,,,
"  ""5337", belVita Bites Blueberry,"bcs0244.jpg""",,,,,
"  ""508", Tide Pods Sport Odor Defense Laundry Detergent,"DE0053.jpg""",,,,,
"  ""6126", Fanta Pineapple Soda,"bcs0527.jpg""",,,,,
"  ""15457", Child\u0027s Play Tootsie Roll, Juniors, Snack Bars, Mini Dots, Tootsie Pops, Tootsie Fruit Chews,"HS0020.jpg"""
"  ""4878", Lay\u0027s Cheddar \u0026 Sour Cream,"bcs0018.jpg""",,,,,
"  ""15506", Market Basket Fresh Baked Cookies,"HS0069.jpg""",,,,,
"  ""4978", Tositos Cantina Traditional Tortilla Chips,"bcs0048.jpg""",,,,,
"  ""5936", Angostura Aromatic Bitters,"bcs0393.jpg""",,,,,
"  ""4977", Tositos Lightly Salted 50% Less Sodium,"bcs0047.jpg""",,,,,
"  ""7084", Olympiana Early Harvest Extra Virgin Olive Oil,"No Image.jpg""",,,,,
"  ""9335", Cool Whip Fat Free Whipped Topping,"17927.jpg""",,,,,
"  ""6008", NOS High Performance Energy Drink,"bcs0458.jpg""",,,,,
"  ""5397", Back to Nature Honey Graham Sticks,"bcs0304.jpg""",,,,,
"  ""6466", Planters Lightly Salted Cocktail Peanuts,"bcs0730.jpg""",,,,,
"  ""116", Butler Gum Wire Bowl Brush,"No Image.jpg""",,,,,
"  ""5383", Simple Mills Almond Flour Crackers Fine Ground Sea Salt,"bcs0290.jpg""",,,,,
"  ""4537", Columbus Pinot Grigio Wine Salame, Lemon Peel,"No Image.jpg""",,,,
"  ""4829", Cape Cod Sea Salt \u0026 Vinegar,"bcs0004.jpg""",,,,,
"  ""4179", Petite New York Sirloin,"No Image.jpg""",,,,,
"  ""5973", Master of Mixes Handcrafted Blood Orange Margarita Mixer,"bcs0426.jpg""",,,,,
"  ""562", woolite Delicates 8 washes Laundry Detergent,"DE0102.jpg""",,,,,
"  ""5355", Austin Pepper Jack Sandwich Crackers,"bcs0262.jpg""",,,,,
"  ""6526", Sunmaid Strawberry Yogurt Flavored Raisins,"bcs0790.jpg""",,,,,
"  ""6500", Planters Dry Roasted Pistachios,"bcs0764.jpg""",,,,,
"  ""5934", Snickers Chocolate Lowfat Milk,"bcs0391.jpg""",,,,,
"  ""7064", Caparriti Extra Virgin Olive Oil,"No Image.jpg""",,,,,
"  ""6505", Blue Diamond Whole Natural Almonds,"bcs0769.jpg""",,,,,
"  ""5231", Nabiso 60% Less Fat Reduced Fat Nilla Wafers,"bcs0145.jpg""",,,,,
"  ""60", OW Vanilla Candle,"No Image.jpg""",,,,,
"  ""489", Purex 4 in 1 Pacs Mountain Breeze 58 pack Laundry Detergent,"DE0034.jpg""",,,,,
"  ""4928", Smartfood Caramel \u0026 Cheddar Mix,"bcs0037.jpg""",,,,,
"  ""4544", Florida\u0027s Natural Fruit Snacks,"No Image.jpg""",,,,,
"  ""5273", Good Health Sweet Potato Sweet Chipotle Kettle Style Chips,"bcs0180.jpg""",,,,,
"  ""5001", Utz Ripple Fried Dill Pickles Potato Chips,"bcs0056.jpg""",,,,,
"  ""521", Arm \u0026 Hammer Clean\u0026 Simple Laundry Detergent Crisp Clean,"DE0061.jpg""",,,,,
"  ""6226", Adirondack Wild Berry Sparkling Water,"bcs0573.jpg""",,,,,
"  ""6482", River Queen Salted Peanuts,"bcs0746.jpg""",,,,,
"  ""6476", Superior Nut Company Honey Roasted Almonds,"bcs0740.jpg""",,,,,
"  ""7677", Scotch Bonnet Peppers,"No Image.jpg""",,,,,
"  ""6168", Pepsi Diet,"bcs0541.jpg""",,,,,
"  ""14707", Softsoap Island Quench Coconut Body Wash,"No Image.jpg""",,,,,
"  ""15488", Pumpkin Masters Pumpkin Carving Kit,"HS0051.jpg""",,,,,
"  ""6278", Glaceau Smart Water Alkaline,"bcs0612.jpg""",,,,,
"  ""15497", Market Basket Show Pumpkins,"HS0060.jpg""",,,,,
"  ""5347", belVita Golden Oat Breakfast Biscuits,"bcs0254.jpg""",,,,,
"  ""15119", Olivella Facial Cleansing Tissues,"No Image.jpg""",,,,,
"  ""4916", Ruffles Zesty Cheddar,"bcs0028.jpg""",,,,,
"  ""6097", Coca Cola Original Taste Box of Cans,"bcs0507.jpg""",,,,,
"  ""6002", Monster Energy Zero Ultra 10 Pack,"bcs0453.jpg""",,,,,
"  ""4611", Thin \u0027n Trim Turkey Breast,"No Image.jpg""",,,,,
"  ""535", all stainlifters fresh tropical mist detergent 26 Loads Laundry Detergent,"DE0075.jpg""",,,,,
"  ""6096", Coca Cola Diet Coke Can,"bcs0506.jpg""",,,,,
"  ""4365", Thin \u0027n Trim Thin Cut Bottom Round Steak,"No Image.jpg""",,,,,
"  ""6053", Juicy Juice Freezer Pops,"bcs0485.jpg""",,,,,
"  ""4530", Carando Classic Italian Foods Boneless Prosciutto,"No Image.jpg""",,,,,
"  ""6034", Red Bull Blue Edition - Blueberry,"bcs0469.jpg""",,,,,
"  ""5357", Nabisco Barnum\u0027s Animals Crackers 12 Packs,"bcs0264.jpg""",,,,,
"  ""462", Sun Triple Clean fresh morning breeze 134 medium loads laundry detergent,"DE0007.jpg""",,,,,
"  ""6493", Bob\u0027s Red Mill Premium Shelled Sunflower Seeds,"bcs0757.jpg""",,,,,
"  ""4283", DiLuigi Turkey Patties With Swiss Cheese Pepper \u0026 Onions,"No Image.jpg""",,,,,
"  ""5436", Drake\u0027s Devil Dogs Creme Filled Devils Food Cakes,"No Image.jpg""",,,,,
"  ""15458", 150 Pieces Babyruth, 100 Grand, Butterfinger, Crunch,"HS0021.jpg""",,
"  ""6270", Glaceau Vapor Distilled Premium Water Bottle Alkaline,"bcs0604.jpg""",,,,,
"  ""5923", Forto Energy Coffee Organic Chocolate Latte,"bcs0380.jpg""",,,,,
"  ""405", Earth First Recycled Paper Bath Tissue,"No Image.jpg""",,,,,
"  ""5336", belVita Bites Chocolate,"bcs0243.jpg""",,,,,
"  ""6160", Pepsi Original Box of Cans,"bcs0535.jpg""",,,,,
"  ""577", Downy fresh Protect with febreze in wash ODOR Defense april fresh Laundry Detergent,"DE0117.jpg""",,,,,
"  ""142", Butler Gum Plastic Angled Broom,"No Image.jpg""",,,,,
"  ""5288", Pringles Wavy Fire Roasted Jalepeno,"bcs0195.jpg""",,,,,
"  ""196", Butler Gum Copper Heavy Duty Scrub Bob,"No Image.jpg""",,,,,
"  ""4555", San Daniele Genoa Salame,"No Image.jpg""",,,,,
"  ""6218", Adirondack Beverages Seltzer, Mandarin Orange,"bcs0565.jpg""",,,,
"  ""6896", Nielsen Massey Pure Vanilla Extract,"No Image.jpg""",,,,,
"  ""5912", Starbucks Frappuccino French Vanilla Bottles 4 Pack,"bcs0369.jpg""",,,,,
"  ""6523", Sunmaid Zante Currants,"bcs0787.jpg""",,,,,
"  ""5028", Wise Popcorn Butter Artificially Flavored,"bcs0071.jpg""",,,,,
"  ""4054", 93% Lean 7% Fat Extra Lean Beef Patties,"No Image.jpg""",,,,,
"  ""4966", Terra Sweet Potato Chips Sea Salt Added Non GMO,"bcs0044.jpg""",,,,,
"  ""14926", Equate Daytime Cold \u0026 Flu,"No Image.jpg""",,,,,
"  ""472", OxiClean Laundry Detergent Sparkling Fresh 67 Loads,"DE0017.jpg""",,,,,
"  ""551", Gain Fireworks in wash scent original Laundry Detergent,"DE0091.jpg""",,,,,
"  ""6179", Pepsi Original Mini,"bcs0544.jpg""",,,,,
"  ""5052", Keebler E.L. Fudge Elfwich Double Stuffed,"bcs0078.jpg""",,,,,
"  ""5387", Kame Rice Crackers Original,"bcs0294.jpg""",,,,,
"  ""6331", Polar Diet Zero Sugar Ginger Ale Cans,"bcs0643.jpg""",,,,,
"  ""507", Tide Pods free\u0026gentle Laundry Detergent,"DE0052.jpg""",,,,,
"  ""4855", Frito Lay\u0027s Classic Mix Party Size 28 Pack,"bcs0012.jpg""",,,,,
"  ""6229", Adirondack Cherry Vanilla Sparkling Water,"bcs0576.jpg""",,,,,
"  ""15510", Market Basket MUM Flower Pot - Yellow,"HS0073.jpg""",,,,,
"  ""4584", Deli Honey Turkey,"No Image.jpg""",,,,,
"  ""6269", Glaceau Vapor Distilled Premium Water Bottle,"bcs0603.jpg""",,,,,
"  ""6385", Polar Orange Vanilla Sparkling Water,"bcs0691.jpg""",,,,,
"  ""5233", Bachman Butter Twists Pretzels,"bcs0146.jpg""",,,,,
"  ""6338", Polar Cranberry Seltzer,"bcs0649.jpg""",,,,,
"  ""5321", Chips Ahoy! Chewy Reese\u0027s Peanut Butter Cups Cookies,"bcs0228.jpg""",,,,,
"  ""5422", Keebler Fudge Stripes Mini Original,"bcs0329.jpg""",,,,,
"  ""15518", Food Donation Bag,"1605664132.jpg""",,,,,
"  ""412", Scott Unscented Bathroom Tissue,"DE0150.jpg""",,,,,
"  ""6044", Kool Aid Cherry,"bcs0476.jpg""",,,,,
"  ""5402", Back to Nature Cheese Flavored Crackers,"bcs0309.jpg""",,,,,
"  ""13070", Kellogg\u0027s Frosted Flakes Cereal,"No Image.jpg""",,,,,
"  ""3797", Infinite Herbs Organic Lemongrass Herb,"No Image.jpg""",,,,,
"  ""6391", Polar Seltzer Strawberry Lemonade,"bcs0697.jpg""",,,,,
"  ""4336", Fresh Wild Salmon,"No Image.jpg""",,,,,
"  ""5386", Real Food Butternet Squash Crackers Sea Salt,"bcs0293.jpg""",,,,,
"  ""6339", Polar Diet Orange Dry,"bcs0650.jpg""",,,,,
"  ""140", Butler Gum Copper Mesh Scourers,"No Image.jpg""",,,,,
"  ""6374", Polar Ruby Red Grapefruit Sparkling Water,"bcs0680.jpg""",,,,,
"  ""12900", Grand Central Bakery Rolls,"No Image.jpg""",,,,,
"  ""6204", 7 Up Lemon Lime Box of Cans,"bcs0559.jpg""",,,,,
"  ""15504", Market Basket Scarecrow Balloon,"HS0067.jpg""",,,,,
"  ""467", Sun Triple Clean plus OXI original fresh 156 medium loads laundry detergent,"DE0012.jpg""",,,,,
"  ""6389", Polar Toasted Coconut Sparkling Water,"bcs0695.jpg""",,,,,
"  ""7110", La Spagnola Vegetable And Olive Oil,"No Image.jpg""",,,,,
"  ""4140", Gonsalves Choice Bone In Salted Codfish,"No Image.jpg""",,,,,
"  ""5396", Back to Nature Mini Chocolate Chunk Cookies,"bcs0303.jpg""",,,,,
"  ""6106", Country Time Half Lemonade \u0026 Half Iced Tea,"bcs0514.jpg""",,,,,
"  ""6120", Dr Pepper Diet Soda Mini,"bcs0523.jpg""",,,,,
"  ""5188", LATE JULY Snacks Organic Classic Crackers,"bcs0124.jpg""",,,,,
"  ""5202", Milton\u0027s Organic Crackers Olive Oil \u0026 Sea Salt,"bcs0135.jpg""",,,,,
"  ""5410", Stauffer\u0027s Animal Cracker Original 6 Bags,"bcs0317.jpg""",,,,,
"  ""6196", 7 Up Diet Lemon Lime,"bcs0551.jpg""",,,,,
"  ""5174", Dare Breton Original WIth Flax Gluten Free,"bcs0116.jpg""",,,,,
"  ""6495", David Original Salted \u0026 Roasted Sunflower Seeds,"bcs0759.jpg""",,,,,
"  ""495", Tide purclean plant based detergent Honey Lavender,"DE0040.jpg""",,,,,
"  ""8483", Capatriti Pure Olive Oil,"No Image.jpg""",,,,,
"  ""15491", M\u0026M\u0027s Peanut Made With Real Milk Chocolate,"HS0054.jpg""",,,,,
"  ""4216", Springer Mountain Farms Drumsticks,"No Image.jpg""",,,,,
"  ""5877", 4C Fruit Punch,"bcs0334.jpg""",,,,,
"  ""6383", Polar Kiwi Pink Grapefruit Sparkling Water,"bcs0689.jpg""",,,,,
"  ""534", all stainlifters free clear 4 in 1 mighty pacs Laundry Detergent,"DE0074.jpg""",,,,,
"  ""4845", Food Should Taste Good Blue Corn Tortilla Chips, Gluten Free,"bcs0011.jpg""",,,,
"  ""6116", Dr Pepper Diet Soda,"bcs0522.jpg""",,,,,
"  ""6223", Adirondack Beverages Seltzer, Original,"bcs0570.jpg""",,,,
"  ""627", Scotties Pocket Packs ultra plush,"DE0147.jpg""",,,,,
"  ""5919", Peet\u0027s Iced Espresso Caramel Macchiato,"bcs0376.jpg""",,,,,
"  ""5979", Master of Mixes Triple Sec,"bcs0432.jpg""",,,,,
"  ""568", Ultra Downy cool cotton 120 Loads Laundry Detergent,"DE0108.jpg""",,,,,
"  ""5240", LATE JULY Organic Bbq Potato Chips,"bcs0147.jpg""",,,,,
"  ""410", Scott Unscented Bathroom Tissue,"DE0148.jpg""",,,,,
"  ""6115", Dr Pepper Original Soda,"bcs0521.jpg""",,,,,
"  ""4146", Shirakiku California Roll,"No Image.jpg""",,,,,
"  ""6173", Pepsi Zero Sugar Can,"bcs0542.jpg""",,,,,
"  ""6163", Pepsi Diet Caffeine Free,"bcs0537.jpg""",,,,,
"  ""15482", M\u0026M\u0027s Chocolate Popcorn Milk Chocolate with Crisp Rice Center,"HS0045.jpg""",,,,,
"  ""5143", belVita Snack Packs 12 Packs 6 Packs Blueberry 3 Packs Chocolate 3 Packs Cinnamon Brown Sugar,"bcs0109.jpg""",,,,,
"  ""10317", Lucio Garofalo Penne Rigate Pasta,"No Image.jpg""",,,,,
"  ""4984", Utz Kettle Classic Original Potato Chips,"bcs0050.jpg""",,,,,
"  ""6210", Sprite Lemon Lime Soda No Caffeine Box of Cans,"bcs0563.jpg""",,,,,
"  ""6161", Pepsi Diet Box of Cans,"bcs0536.jpg""",,,,,
"  ""5984", Master of Mixes Lite Strawberry Daiquiri \u0026 Margarita Mixer,"bcs0437.jpg""",,,,,
"  ""6497", David Roasted \u0026 Salted Sunflower Kernels,"bcs0761.jpg""",,,,,
"  ""5888", Dunkin\u0027 Donuts Iced Mocha,"bcs0345.jpg""",,,,,
"  ""7687", Baked Beans Original,"No Image.jpg""",,,,,
"  ""5292", Pringles BBQ Potato Crisps,"bcs0199.jpg""",,,,,
"  ""6217", Adirondack Beverages Seltzer, Lemon Lime,"bcs0564.jpg""",,,,
"  ""6147", Mountain Dew Can,"bcs0530.jpg""",,,,,
"  ""6494", Bob\u0027s Red Mill Organic Premium Shelled Pepitas Pumpkin Seeds,"bcs0758.jpg""",,,,,
"  ""6532", Sunmaid Vanilla Yogurt Covered Raisins,"bcs0796.jpg""",,,,,
"  ""15454", Snickers Minis,"HS0017.jpg""",,,,,
"  ""5946", Finest Call Premium Margarita Mix,"bcs0403.jpg""",,,,,
"  ""6271", Glaceau Vapor Distilled Premium Water Bottle Antitoxidant,"bcs0605.jpg""",,,,,
"  ""15481", Charms Orange Pumpkin Pops ,"HS0044.jpg""",,,,,
"  ""617", Puffs Ultra Soft Comforts Needy Noses,"DE0137.jpg""",,,,,
"  ""72", Pure Citrus Odor Remover Citrus Blend Scent,"No Image.jpg""",,,,,
"  ""5267", Good Health Veggie Chips,"bcs0174.jpg""",,,,,
"  ""3795", Whole Peeled Garlic,"f91.jpg""",,,,,
"  ""10449", Twin Elephants Jasmine White Scented Rice,"No Image.jpg""",,,,,
"  ""15459", 100 Pieces Snickers, Twix, Milky Way, Musketeers,"HS0022.jpg""",,
"  ""603", Quilted Northern Bathroom Tissue Paper, Ultra Soft \u0026 Strong Mega Rolls,"DE0153.jpg""",,,,
"  ""5395", ak-mak Sesame Cracker Low Fat Organic Whole Wheat Flour,"bcs0302.jpg""",,,,,
"  ""6051", Slush Puppie Slush Bars,"bcs0483.jpg""",,,,,
"  ""6375", Polar Raspberry Lime Sparkling Water,"bcs0681.jpg""",,,,,
"  ""6150", Mountain Dew Box of Cans,"bcs0533.jpg""",,,,,
"  ""586", Snuggle Scent Shakes Scent Booster Blue Sparkle,"DE0126.jpg""",,,,,
"  ""5314", Mint Creme Oreo Family Size,"bcs0221.jpg""",,,,,
"  ""5903", Starbucks Frappuccino Brown Butter Caramel,"bcs0360.jpg""",,,,,
"  ""13130", Post Honey Bunches Of Oats Honey Roasted,"No Image.jpg""",,,,,
"  ""4437", Meisterchef Bologna,"No Image.jpg""",,,,,
"  ""478", Purex Detergent Odor Release 43 Loads,"DE0023.jpg""",,,,,
"  ""5332", Nature\u0027s Bakery Oatmeal Crumble Cherry,"bcs0239.jpg""",,,,,
"  ""6328", Polar Orange Dry Sparkling Water Cans,"bcs0640.jpg""",,,,,
"  ""8323", Luisa\u0027s Black Bean Taco Layered Fiesta Dip,"No Image.jpg""",,,,,
"  ""5341", belVita Cinnamon Brown Sugar,"bcs0248.jpg""",,,,,
"  ""5954", Mr \u0026 Mrs T Bold \u0026 Spicy Bloody Mary Mix,"bcs0411.jpg""",,,,,
"  ""15292", Ensure Plus Milk Chocolate,"No Image.jpg""",,,,,
"  ""554", Xtra Detergent 128 Loads Lavender \u0026 Sweet Vanilla,"DE0094.jpg""",,,,,
"  ""5882", 4C Iced Tea Mix Peach,"bcs0339.jpg""",,,,,
"  ""6464", Planters Walnuts,"bcs0728.jpg""",,,,,
"  ""8292", Cedar Roasted Red Pepper Hummus,"No Image.jpg""",,,,,
"  ""10316", Lucio Garofalo Pasta Spaghetti,"No Image.jpg""",,,,,
"  ""469", OxiClean Laundry Detergent Sparkling Fresh 40 Loads,"DE0014.jpg""",,,,,
"  ""5253", LATE JULY Sea Salt \u0026 Lime Tortilla Chips,"bcs0160.jpg""",,,,,
"  ""15517", Food Donation Bag,"1605664132.jpg""",,,,,
"  ""4748", Tyson Cornish Game Hen,"No Image.jpg""",,,,,
"  ""4919", Ruffles Baked Original,"bcs0031.jpg""",,,,,
"  ""15478", Junior Mints Snack Size - Creamy Mints in Pure Chocolate,"HS0041.jpg""",,,,,
"  ""592", Final Touch Fabric Softener plus conditioner Spring Fresh 36 Loads,"DE0132.jpg""",,,,,
"  ""14560", Dafruta Passion Fruit Tetra,"No Image.jpg""",,,,,
"  ""547", Gain Aroma Boost Liquid Laundry Detergent, island fresh,"DE0087.jpg""",,,,
"  ""3461", Bag Cara Cara Oranges,"f42.jpg""",,,,,
"  ""6006", Monster Energy Ultra Fiesta,"bcs0456.jpg""",,,,,
"  ""6222", Adirondack Beverages Seltzer, Mandarin Orange,"bcs0569.jpg""",,,,
"  ""14845", Dr. Natural Pure Castile Multi-purpose Liquid Soap, Peppermint,"No Image.jpg""",,,,
"  ""6322", Polar Seltzer Yeti Mischief,"bcs0634.jpg""",,,,,
"  ""4714", Fastbites Cheeseburger,"No Image.jpg""",,,,,
"  ""5368", Homefree Vanilla Mini Cookies,"bcs0275.jpg""",,,,,
"  ""6390", Polar Seltzer Blueberry Lemonade,"bcs0696.jpg""",,,,,
"  ""4511", Leidy\u0027s Hardwood Smoked Premium Boneless Ham Steak,"No Image.jpg""",,,,,
"  ""6227", Adirondack Lemon Lime Sparkling Water,"bcs0574.jpg""",,,,,
"  ""6264", Fiji Natural Artesian Water,"bcs0599.jpg""",,,,,
"  ""5994", Gatorade Instant Powder Mix Lemon Lime,"bcs0446.jpg""",,,,,
"  ""5965", Lipton Iced Tea Lemon Diet,"bcs0419.jpg""",,,,,
"  ""3431", Cortland Apples,"f4.jpg""",,,,,
"  ""4427", Jordan\u0027s Chicken, Pork \u0026 Beef Franks,"No Image.jpg""",,,,
"  ""5009", Utz Braided Honey Wheat Twists Pretzels,"bcs0060.jpg""",,,,,
"  ""6015", Red Bull The Yellow Edition - Tropical,"bcs0461.jpg""",,,,,
"  ""6410", Spindrift Sparkling Water Cucumber,"bcs0708.jpg""",,,,,
"  ""14924", Benadryl Children\u0027s Allergy Relief,"No Image.jpg""",,,,,
"  ""15509", Market Basket Assorted Gourds,"HS0072.jpg""",,,,,
"  ""6202", 7 Up Lemon Lime Box of Cans,"bcs0557.jpg""",,,,,
"  ""367", Ziploc S Square 4 Pk,"No Image.jpg""",,,,,
"  ""6411", Spindrift Sparkling Water \u0026 Real Squeezed Fruit Orange Mango,"bcs0709.jpg""",,,,,
"  ""8591", Cains Kosher Lil\u0027 Dills,"No Image.jpg""",,,,,
"  ""128", Butler Gum Squeeze Mop With Scrubber Refill,"No Image.jpg""",,,,,
"  ""3764", HerbThyme Farms Sage,"No Image.jpg""",,,,,
"  ""6312", Poland Spring Sparkling Water, Simply Bubbles,"bcs0624.jpg""",,,,
"  ""5401", Back to Nature Crispy Wheat Crackers,"bcs0308.jpg""",,,,,
"  ""6396", Polar Seltzer Mango Limeade,"bcs0702.jpg""",,,,,
"  ""5319", Chips Ahoy! 25% Less Fat Than Original,"bcs0226.jpg""",,,,,
"  ""6474", Superior Nut Company Natural Almonds,"bcs0738.jpg""",,,,,
"  ""6557", Sunsweet Mediterranean Apricots,"bcs0814.jpg""",,,,,
"  ""6909", South Georgia Pecan Halves, Bag,"No Image.jpg""",,,,
"  ""539", all stainlifters free clear odor relief 49 Loads Laundry Detergent,"DE0079.jpg""",,,,,
"  ""5316", Oreo Caramel Coconut Cookies Family Size,"bcs0223.jpg""",,,,,
"  ""486", Purex 4 in 1 Pacs Mountain Breeze 22 pack Laundry Detergent,"DE0031.jpg""",,,,,
"  ""4431", Leidy\u0027s Smoked Kielbasa,"No Image.jpg""",,,,,
"  ""5311", Newman\u0027s Own Original Cookies,"bcs0218.jpg""",,,,,
"  ""6356", Polar Golden Ginger Ale Extra Bold,"bcs0667.jpg""",,,,,
"  ""15474", Snickers Assortment Pack - Snickers, Twix, Milky Way, Musketeers,"HS0037.jpg""",,
"  ""530", Arm \u0026 Hammer Clean Scentsations Scent booster Clean Meadow,"DE0070.jpg""",,,,,
"  ""12700", Joseph\u0027s Thin Sandwich Rolls Flax Oat Bean \u0026 Whole Wheat,"No Image.jpg""",,,,,
"  ""545", all with Stainlifters free clear with OXI Laundry Detergent,"DE0085.jpg""",,,,,
"  ""6228", Adirondack Mandarin Orange Sparkling Water,"bcs0575.jpg""",,,,,
"  ""14704", Olay Sweet Peach Body Wash,"No Image.jpg""",,,,,
"  ""6461", Vermont BBQ Seasoned Beef Sticks,"bcs0725.jpg""",,,,,
"  ""5991", Master of Mixes Strawberry Daiquiri \u0026 Margarita Mixer,"bcs0444.jpg""",,,,,
"  ""15473", M\u0026M\u0027s Ghoul\u0027s Mix Peanut Butter Flavoured Candy,"HS0036.jpg""",,,,,
"  ""5413", Nature\u0027s Bakery Fig Bar Raspberry,"bcs0320.jpg""",,,,,
"  ""4967", Terra Blues Sea Salt Non GMO Chips,"bcs0045.jpg""",,,,,
"  ""144", Butler Gum Stainless Steel Scrubbers,"No Image.jpg""",,,,,
"  ""5935", Giuliano Dirty Martini Craft Drink Mix,"bcs0392.jpg""",,,,,
"  ""5010", Utz Siurdough Nuggets Pretzels,"bcs0061.jpg""",,,,,
"  ""6153", Mountain Dew Code Red Cherry,"bcs0534.jpg""",,,,,
"  ""7442", Goya Crushed Tomatillos,"No Image.jpg""",,,,,
"  ""5181", Keebler Cheese \u0026 Peanut Butter Sandwich Crackers,"No Image.jpg""",,,,,
"  ""7206", Chef Paul Prudhomme Poultry Magic Seasoning Blend,"No Image.jpg""",,,,,
"  ""5924", Forto Energy Coffee Organic Vanilla Latte,"bcs0381.jpg""",,,,,
"  ""5300", Ritz Toasted Pita Oven Baked Crackers 55% Less Fat Original,"bcs0207.jpg""",,,,,
"  ""6514", Emerald Dry Roasted Almonds,"bcs0778.jpg""",,,,,
"  ""5257", LATE JULY Organic Blue Corn Dippers Tortilla Chips,"bcs0164.jpg""",,,,,
"  ""523", Arm \u0026 Hammer Plus the Power of OxiClean Stain Fighters Fresh Scent Laundry Detergent,"DE0063.jpg""",,,,,
"  ""3902", Vidalia Sweet Onions,"f238.jpg""",,,,,
"  ""5901", Stabucks Frappuccino Vanilla,"bcs0358.jpg""",,,,,
"  ""6045", Kool Aid Grape,"bcs0477.jpg""",,,,,
"  ""6190", Schweppes Diet Ginger Ale Can,"bcs0548.jpg""",,,,,
"  ""5939", Powell \u0026 Mahoney Classic Margarita,"bcs0396.jpg""",,,,,
"  ""6518", Second Nature Simplicity Medley,"bcs0782.jpg""",,,,,
"  ""3429", Bag Red Delicious Apples,"f2.jpg""",,,,,
"  ""6310", Poland Spring Sparkling Water, White Peach Ginger,"bcs0622.jpg""",,,,
"  ""6908", South Georgia Pecan Co. Pecan Pieces,"No Image.jpg""",,,,,
"  ""5225", Nabisco Wheat Thins Crackers, Cracked Pepper and Olive Oil,"bcs0142.jpg""",,,,
"  ""6307", Poland Spring Sparkling Water, Twist of Lemon,"bcs0619.jpg""",,,,
"  ""6488", Emerald Dry Roasted Almonds,"bcs0752.jpg""",,,,,
"  ""12968"," Joseph\u0027s Premium Wraps Traditional 10\""","No Image.jpg""",,,,,
"  ""5390", Kame Rice Crackers Wasabi,"bcs0297.jpg""",,,,,
"  ""5058", Keebler Disnep Frozen II Graham Snacks Honey,"bcs0083.jpg""",,,,,
"  ""5199", Milton\u0027s Craft Bakers Gluten Free Baked Crackers Cheddar Cheese,"bcs0132.jpg""",,,,,
"  ""7592", Pine Cone Whole Peeled Tomatoes,"No Image.jpg""",,,,,
"  ""490", Tide Plus Bleach Original 53 Loads Laundry Detergent,"DE0035.jpg""",,,,,
"  ""14699", Ivory Simply Ivory Body Wash,"No Image.jpg""",,,,,
"  ""4125", Perdue Chicken Breast,"No Image.jpg""",,,,,
"  ""5258", Kettle Brand Potato Chips Honey Dijon,"bcs0165.jpg""",,,,,
"  ""4976", Tositos Multigrain Scoops Tortilla Chips,"bcs0046.jpg""",,,,,
"  ""5203", Milton\u0027s Organic Crackers Himalayan Salt,"bcs0136.jpg""",,,,,
"  ""5359", Nabisco Minions Teddy Grahams 12 Pack,"bcs0266.jpg""",,,,,
"  ""5325", Nabisco Teddy Grahams Cinnamon Graham Snacks,"bcs0232.jpg""",,,,,
"  ""15468", Hershey\u0027s Miniatures Chocolate Candy,"HS0031.jpg""",,,,,
"  ""6112", Crush Pineapple Soda,"bcs0518.jpg""",,,,,
"  ""6049", Minute Maid Pink Lemonade Made with Real Lemons,"bcs0481.jpg""",,,,,
"  ""6098", Coca Cola Original Taste Box of Cans,"bcs0508.jpg""",,,,,
"  ""552", Gain fabric Softener original 60 Loads,"DE0092.jpg""",,,,,
"  ""9078", Trappist Peach Preserves,"No Image.jpg""",,,,,
"  ""15450", Snickers Fun Size,"HS0013.jpg""",,,,,
"  ""5943", Cocktail Artist Margarita Premium Mix,"bcs0400.jpg""",,,,,
"  ""6237", Core Hydration Purified Water,"bcs0583.jpg""",,,,,
"  ""5230", Nabisco Wheat Thins Crackers, reduced Fat,"bcs0144.jpg""",,,,
"  ""6306", Poland Spring Sparkling Water, Twist of Orange,"bcs0618.jpg""",,,,
"  ""536", all stainlifters original detergent 66 Loads Laundry Detergent,"DE0076.jpg""",,,,,
"  ""5251", LATE JULY Nacho Chipotle Tortilla Chips,"bcs0158.jpg""",,,,,
"  ""6235", Bubly Sparkling Water Raspberry,"bcs0581.jpg""",,,,,
"  ""6513", Emerald Deluxe Mixed Nuts,"bcs0777.jpg""",,,,,
"  ""5950", Mr \u0026 Mrs T Strawberry Daiquiri-Margarita Mix,"bcs0407.jpg""",,,,,
"  ""6275", Glaceau Smart Water,"bcs0609.jpg""",,,,,
"  ""8598", Casa Italica Kalamata Olives,"No Image.jpg""",,,,,
"  ""15453", 35 Pieces 3 Musketeers, Twix, Snickers, Starburst Original,"HS0016.jpg""",,
"  ""5351", belVita Blueberry Breakfast Biscuits,"bcs0258.jpg""",,,,,
"  ""6343", Polar Premium Ginger Ale Cans,"bcs0654.jpg""",,,,,
"  ""4988", Utz Kettle Classic Salt \u0026 Malt Vinegar Potato Chips,"bcs0054.jpg""",,,,,
"  ""6311", Poland Spring Sparkling Water, Raspberry Lime,"bcs0623.jpg""",,,,
"  ""8993", Jif Whipped Peanut Butter,"No Image.jpg""",,,,,
"  ""5132", Pepperidge Farm Pumpkin Spiced Cookies,"bcs0103.jpg""",,,,,
"  ""5265", Good Health Veggie Straws Zesty Ranch,"bcs0172.jpg""",,,,,
"  ""5399", Back to Nature Fudge Mint Cookies,"bcs0306.jpg""",,,,,
"  ""5324", Nabisco Teddy Grahams Honey Graham Snacks,"bcs0231.jpg""",,,,,
"  ""6109", Crush Orange Soda,"bcs0515.jpg""",,,,,
"  ""5564", Reese\u0027s Peanut Butter Cups, Miniatures,"No Image.jpg""",,,,
"  ""6058", Crystal Light Pure Lemon Iced Tea,"bcs0489.jpg""",,,,,
"  ""5190", LATE JULY Organic Sea Salt \u0026 Vinegar Potato Chips,"bcs0126.jpg""",,,,,
"  ""5260", Kettle Brand Potato Chips Sour Cream \u0026 Onion,"bcs0167.jpg""",,,,,
"  ""5958", Mr \u0026 Mrs T Fiery Pepper Bloody Mary Mix,"bcs0415.jpg""",,,,,
"  ""5334", Nature\u0027s Bakery Oatmeal Crumble Apple,"bcs0241.jpg""",,,,,
"  ""4053", Excel Beef Feet,"No Image.jpg""",,,,,
"  ""6463", Planters Honey Roasted Peanuts,"bcs0727.jpg""",,,,,
"  ""5400", Back to Nature Chocolate Chunk Cookies,"bcs0307.jpg""",,,,,
"  ""12681", Fiber One 9 Grain Bread,"No Image.jpg""",,,,,
"  ""5333", Nature\u0027s Bakery Oatmeal Crumble Strawberry,"bcs0240.jpg""",,,,,
"  ""566", Persil ProCLean Original Detergent Deep Clean 64 Loads,"DE0106.jpg""",,,,,
"  ""6496", David Roasted \u0026 Salted Pumpkin Seeds,"bcs0760.jpg""",,,,,
"  ""6076", Green Cola No Sugar,"bcs0498.jpg""",,,,,
"  ""5312", Oreo Milk\u0027s Favorite Cookie,"bcs0219.jpg""",,,,,
"  ""6111", Crush Orange Soda Can,"bcs0517.jpg""",,,,,
"  ""5223", Nabisco Wheat Thins Crackers, Multigrain,"bcs0140.jpg""",,,,
"  ""4270", Ruby Bay Irish Style Smoked Salmon,"No Image.jpg""",,,,,
"  ""609", ReadyFlush Select Dispensable CleansingClothes,"DE0151.jpg""",,,,,
"  ""6046", Kool Aid Orange,"bcs0478.jpg""",,,,,
"  ""5185", Keebler Chips Deluxe Peanut Butter Cup,"bcs0123.jpg""",,,,,
"  ""6009", NOS High Performance Energy Drink 8 Pack,"bcs0459.jpg""",,,,,
"  ""582", Snuggle Plus super fresh Fabric conditioner Violet Breeze,"DE0122.jpg""",,,,,
"  ""8367", Hershey\u0027s Syrup,"No Image.jpg""",,,,,
"  ""15447", Hershey Reese\u0027s Snack Size,"HS0010.jpg""",,,,,
"  ""4983", Utz Kettle Classic Maui-Bbq Flavored Potato Chips,"bcs0049.jpg""",,,,,
"  ""5983", Master of Mixes Lite Margarita Mixer,"bcs0436.jpg""",,,,,
"  ""6050", Wyler\u0027s Italian Aces,"bcs0482.jpg""",,,,,
"  ""6279", Glaceau Smart Water Watermelon Mint,"bcs0613.jpg""",,,,,
"  ""5898", Starbucks Doubleshot Energy Vanilla,"bcs0355.jpg""",,,,,
"  ""5291", Pringles Sour Cream Lunch 12 Pack,"bcs0198.jpg""",,,,,
"  ""5296", Ritz Crisp \u0026 Thins 50% Less Fat Original With Creamy Onion \u0026 Sea Salt,"bcs0203.jpg""",,,,,
"  ""5093", Nabisco Nutter Butter Crispy Wafers With Peanut Butter Creme,"bcs0094.jpg""",,,,,
"  ""6149", Mountain Dew Box of Cans,"bcs0532.jpg""",,,,,
"  ""4900", Pirate\u0027s Booty Aged White Cheddar Rice and Corn Puffs Multi Pack,"bcs0026.jpg""",,,,,
"  ""10318", Lucio Garofalo Shells Pasta,"No Image.jpg""",,,,,
"  ""5275", Good Health Organic Baked Cheese Fries Hot n Spicy,"bcs0182.jpg""",,,,,
"  ""6165", Pepsi Wild Cherry,"bcs0539.jpg""",,,,,
"  ""5392", Mary\u0027s Gone Crackers Original,"bcs0299.jpg""",,,,,
"  ""4527", Sugardale Prestige Center Slice Smoked Ham,"No Image.jpg""",,,,,
"  ""471", OxiClean Laundry Booster Odor Blasters,"DE0016.jpg""",,,,,
"  ""6301", Poland Spring 1845 Born in Maine,"bcs0617.jpg""",,,,,
"  ""6506", Blue Diamond Oven Roasted Almonds,"bcs0770.jpg""",,,,,
"  ""10437", Monterey Woodear Dried Mushrooms,"No Image.jpg""",,,,,
"  ""5328", Nature\u0027s Bakery Fig Bar Original Fig,"bcs0235.jpg""",,,,,
"  ""5394", Mary\u0027s Gone Crackers Super Seed Classic,"bcs0301.jpg""",,,,,
"  ""4473", Johnsonville Original Recipe Breakfast Sausage,"No Image.jpg""",,,,,
"  ""12749", Pepperidge Farm Whole Wheat Bread,"No Image.jpg""",,,,,
"  ""6047", Kool Aid Strawberry,"bcs0479.jpg""",,,,,
"  ""4512", Leidy\u0027s Uncured Smoked Ham Steak,"No Image.jpg""",,,,,
"  ""6499", Kars Sweet \u0027N Salty Mix,"bcs0763.jpg""",,,,,
"  ""6630", Oakhurst Orange Juice,"No Image.jpg""",,,,,
"  ""5922", Forto Coffee Shot Organic Chocolate Latte,"bcs0379.jpg""",,,,,
"  ""5320", Chips Ahoy! Coconut Chunky Chocolate Cookies,"bcs0227.jpg""",,,,,
"  ""5364", Pepperidge Farmhouse Thin \u0026 Crispy Toffee Milk Chocolate,"bcs0271.jpg""",,,,,
"  ""14652", Yogi Green Tea Kombucha,"No Image.jpg""",,,,,
"  ""6325", Polar Root Beer Soda,"bcs0637.jpg""",,,,,
"  ""5988", Master of Mixes Classic Bloody Mary Mixer,"bcs0441.jpg""",,,,,
"  ""484", Purex Natural Elements Linen \u0026 Lilies 115 Loads Laundry Detergent,"DE0029.jpg""",,,,,
"  ""579", Downy Unstoppables inwash scent booster Outdoor fresh,"DE0119.jpg""",,,,,
"  ""5378", Schar Gluten Free Shortbread Cookies,"bcs0285.jpg""",,,,,
"  ""6060", Crystal Light Strawberry Orange Banana,"bcs0491.jpg""",,,,,
"  ""5342", belVita Honey Chocolate Chip,"bcs0249.jpg""",,,,,
"  ""589", Snuggle Scnt booster Concentrated Scent Pacs 20 loads,"DE0129.jpg""",,,,,
"  ""7047", Capatriti Pure Olive Oil,"No Image.jpg""",,,,,
"  ""4918", Ruffles Baked Cheddar \u0026 Sour Cream,"bcs0030.jpg""",,,,,
"  ""6198", 7 Up Lemon Lime,"bcs0553.jpg""",,,,,
"  ""500", Tide Plus Coldwater Clean Detergent Original 59 Loads,"DE0045.jpg""",,,,,
"  ""591", Final Touch Fabric Softener plus conditioner Lavender 36 Loads,"DE0131.jpg""",,,,,
"  ""623", Scotties triple soft,"DE0143.jpg""",,,,,
"  ""5348", belVita Soft Baked Oats \u0026 Chocolate Breakfast Biscuits,"bcs0255.jpg""",,,,,
"  ""6329", Polar Premium Tonic Water Cans,"bcs0641.jpg""",,,,,
"  ""496", Tide Detergent Original 64 Loads,"DE0041.jpg""",,,,,
"  ""6387", Polar Blueberry Lemonade,"bcs0693.jpg""",,,,,
"  ""15489", KitKat Milk Chocolate Crisp Wafer Snack Size,"HS0052.jpg""",,,,,
"  ""6315", Poland Spring Sparkling Water, Orange Mango,"bcs0627.jpg""",,,,
"  ""6358", Polar Premium Collins Natural Citrus Flavor,"bcs0669.jpg""",,,,,
"  ""8995", Levant 100% Stone Ground Sesame,"No Image.jpg""",,,,,
"  ""6528", Sunmaid Dark Chocolate Yogurt Flavored Raisins,"bcs0792.jpg""",,,,,
"  ""618", Puffs Plus Lotion Soothes Sore Sniffers,"DE0138.jpg""",,,,,
"  ""6055", Flavorice 6 Fruity Flavors,"bcs0486.jpg""",,,,,
"  ""15495", Arrow Home Halloween Bowl,"HS0058.jpg""",,,,,
"  ""5913", Starbucks Frappuccino Mocha Bottles 4 Pack,"bcs0370.jpg""",,,,,
"  ""6511", True North Chocolate Nut Crunch,"bcs0775.jpg""",,,,,
"  ""5056", Keebler Fudge Stripes Cookies Mini\u0027s Original,"bcs0081.jpg""",,,,,
"  ""4880", Lay\u0027s Limon,"bcs0020.jpg""",,,,,
"  ""5276", Good Health Organic Baked Cheese Fries Cheddar,"bcs0183.jpg""",,,,,
"  ""14504", Arizona Green Iced Tea With Ginseng And Honey,"No Image.jpg""",,,,,
"  ""6412", Spindrift Sparkling Water Lime,"bcs0710.jpg""",,,,,
"  ""5379", Schar Gluten Free Cocoa Wafers,"bcs0286.jpg""",,,,,
"  ""4985", Utz Kettle Classic Jalapeno Potato Chips,"bcs0051.jpg""",,,,,
"  ""5298", Ritz Crisp \u0026 Thins 50% Less Fat Salt \u0026 Vinegar,"bcs0205.jpg""",,,,,
"  ""5171", Dare Vinta 8 Grains \u0026 Seeds,"bcs0113.jpg""",,,,,
"  ""6124", Fanta Grape Soda,"bcs0525.jpg""",,,,,
"  ""5310", Newman\u0027s Own Hint O Mint Cookies,"bcs0217.jpg""",,,,,
"  ""6200", 7 Up Lemon Lime Mini,"bcs0555.jpg""",,,,,
"  ""7230", Infinite Herbs Holiday Ham Blend,"No Image.jpg""",,,,,
"  ""5373", Kinnikinnick Kinnitoos Chocolate Sandwich Creme Cookies,"bcs0280.jpg""",,,,,
"  ""4925", Smartfood Smart 50 White Cheddar,"bcs0034.jpg""",,,,,
"  ""12931", Muffintown 12Pk Mini Muffin Chocolate Chip,"No Image.jpg""",,,,,
"  ""4612", Waterhill Naturals Oven Roasted Turkey Breast,"No Image.jpg""",,,,,
"  ""6371", Polar Zero Sugar Tonic Water Traditional,"bcs0677.jpg""",,,,,
"  ""6241", Fever-Tree Premium Indian Tonic Water Low Calories,"bcs0587.jpg""",,,,,
"  ""542", all stainlifters original 60 packs Laundry Detergent,"DE0082.jpg""",,,,,
"  ""5874", 4C Half \u0026 Half Iced Tea Lemonade,"bcs0331.jpg""",,,,,
"  ""5308", Nabisco Famous Chocolate Wafers,"bcs0215.jpg""",,,,,
"  ""604", Earth First Recycled Paper Bath Tissue Double Roll,"DE0154.jpg""",,,,,
"  ""6364", Polar Seltzer Cranberry Lime,"bcs0673.jpg""",,,,,
"  ""6359", Polar Premium Ginger Ale,"bcs0670.jpg""",,,,,
"  ""5043", Dare Pure Chocolate Whippet Raspberry Cookies,"bcs0074.jpg""",,,,,
"  ""538", all stainlifters baby detergent 24 Loads Laundry Detergent,"DE0078.jpg""",,,,,
"  ""8932", Newman\u0027s Own Dressing Honey Mustard,"1767.jpg""",,,,,
"  ""5164", Carr\u0027s Rosemarry Carckers Rich \u0026 Savory,"bcs0111.jpg""",,,,,
"  ""5969", Master of Mixes Handcrafted Strawberry Daiquiri \u0026 Margarita Mixer,"bcs0422.jpg""",,,,,
"  ""5248", LATE JULY Sea Salt Organic Popcorn,"bcs0155.jpg""",,,,,
"  ""5403", Back to Nature Classic Round Crackers,"bcs0310.jpg""",,,,,
"  ""5497", Lindt Lindor Dark Chocolate Truffles,"No Image.jpg""",,,,,
"  ""5910", Starbucks Frappuccino Coffee Bottles 4 Pack,"bcs0367.jpg""",,,,,
"  ""6110", Crush Orange Soda,"bcs0516.jpg""",,,,,
"  ""5242", LATE JULY Organic Sea Salt \u0026 Lime Restaurant Style Tortilla Chips,"bcs0149.jpg""",,,,,
"  ""509", Tide Pods 3 in 1 Original Laundry Detergent,"DE0054.jpg""",,,,,
"  ""4760", Cox\u0027s 70 90 Per Pound Key West Pink Shrimp,"No Image.jpg""",,,,,
"  ""5956", Mr \u0026 Mrs T Horseradish Bloody Mary Mix,"bcs0413.jpg""",,,,,
"  ""5374", Kinnikinnick Kinnitoos Vanilla Sandwich Creme Cookies,"bcs0281.jpg""",,,,,
"  ""4927", Smartfood Sweet \u0026 Salty Kettle Corn,"bcs0036.jpg""",,,,,
"  ""5966", Lipton Iced Tea Lemon,"bcs0420.jpg""",,,,,
"  ""4483", Thin \u0027n Trim All Natural Garden Vegetable Chicken Sausage,"No Image.jpg""",,,,,
"  ""6346", Polar Diet Pomegranate Dry Soda,"bcs0657.jpg""",,,,,
"  ""6502", Blue Diamond Toasted Coconut Oven Roasted Almonds,"bcs0766.jpg""",,,,,
"  ""4576", Tropical Smoked Cooked Salami Original,"No Image.jpg""",,,,,
"  ""12692", Furlani Texas Garlic Toast,"No Image.jpg""",,,,,
"  ""5887", Dunkin\u0027 Donuts Original Iced Coffee,"bcs0344.jpg""",,,,,
"  ""6234", Bubly Sparkling Water Strawberry,"bcs0580.jpg""",,,,,
"  ""12979", Pepito Soft Taco Tortillas,"No Image.jpg""",,,,,
"  ""7036", Royal Instant Pudding \u0026 Pie Filling,"No Image.jpg""",,,,,
"  ""6897", Onofrio\u0027s Harvest Medley,"No Image.jpg""",,,,,
"  ""5201", Milton\u0027s Organic Crackers Multi-grain,"bcs0134.jpg""",,,,,
"  ""6195", 7 Up Lemon Lime,"bcs0550.jpg""",,,,,
"  ""4827", Cape Cod Lightly Salted 60% Less Sodium,"bcs0002.jpg""",,,,,
"  ""9070", Teddie Organic All Natural Peanut Butter Chunky,"No Image.jpg""",,,,,
"  ""6449", Jack Link\u0027s Teriyaki Beef Jerky,"bcs0713.jpg""",,,,,
"  ""6508", Emerald Honey Glazed Cashews,"bcs0772.jpg""",,,,,
"  ""5416", Cheez-it White Cheddar,"bcs0323.jpg""",,,,,
"  ""5987", Master of Mixes 5 Pepper Bloody Mary Mixer,"bcs0440.jpg""",,,,,
"  ""529", Arm \u0026 Hammer Clean Scentsations Scent booster Fresh Burst,"DE0069.jpg""",,,,,
"  ""8404", Infinite Herbs Fresh Poultry Seasoning,"No Image.jpg""",,,,,
"  ""15440", Twix Fun Size,"HS0003.jpg""",,,,,
"  ""594", Febreze Odor Eliminator Quick Dry Mist Crisp Clean Laundry Detergent,"DE0134.jpg""",,,,,
"  ""6388", Polar Blueberry Peach Sparkling Water,"bcs0694.jpg""",,,,,
"  ""5362", Tate\u0027s Bake Shop Coconut Crisp Cookies,"bcs0269.jpg""",,,,,
"  ""6095", Coca Cola Zero Sugar Can,"bcs0505.jpg""",,,,,
"  ""7489", Hunts Whole Peeled Plum Tomatoes,"No Image.jpg""",,,,,
"  ""615", Puffs Plus Lotion,"DE0135.jpg""",,,,,
"  ""12673", Chabaso Cranberry Pecan Bread,"No Image.jpg""",,,,,
"  ""6503", Blue Diamond Roasted Salted Almonds,"bcs0767.jpg""",,,,,
"  ""5270", Good Health Veggie Chips Monster Shaped,"bcs0177.jpg""",,,,,
"  ""4475", Leidy\u0027s Andouille Sausage,"No Image.jpg""",,,,,
"  ""5411", Pepperidge Farm Mini Chocolate Chunk Dark Chocolate Cookies,"bcs0318.jpg""",,,,,
"  ""8774", Red Raspberry Preserves,"No Image.jpg""",,,,,
"  ""10661", Strega Marinara Sauce,"No Image.jpg""",,,,,
"  ""5976", Master of Mixes Handcrafted Sweet \u0027N Sour Mixer,"bcs0429.jpg""",,,,,
"  ""5932", Loco Coffee Co. Maple Cold Brew Coffee + Coconut Water,"bcs0389.jpg""",,,,,
"  ""5885", Tang Orange Mango Drink Mix,"bcs0342.jpg""",,,,,
"  ""5295", Ritz Toasted Chips 55% Less Fat Original,"bcs0202.jpg""",,,,,
"  ""5376", Kinnikinnick Mini Kritters,"bcs0283.jpg""",,,,,
"  ""5370", Enjoy Life Soft Baked Cookies Double Chocolate Brownie,"bcs0277.jpg""",,,,,
"  ""5042", Dare Maple Creme Cookies,"bcs0073.jpg""",,,,,
"  ""5091", Nabisco Nutter Butter 18 Packs 2 Cookies Per Pack,"bcs0093.jpg""",,,,,
"  ""5896", Starbucks Tripleshot Energy Cafe Mocha,"bcs0353.jpg""",,,,,
"  ""12697", Jessica\u0027s Brick Oven Cinnamon Raisin Swirl Bread,"No Image.jpg""",,,,,
"  ""556", Xtra Plus Long Lasting Freshness Sparkling Fresh 42 Loads Laundry Detergent,"DE0096.jpg""",,,,,
"  ""6534", Sunmaid Organic Raisins,"bcs0798.jpg""",,,,,
"  ""15493", Pumpkin Masters 3 in 1 Light,"HS0056.jpg""",,,,,
"  ""4858", Lay\u0027s Baked Original,"bcs0014.jpg""",,,,,
"  ""6326", Polar Birch Beer Soda,"bcs0638.jpg""",,,,,
"  ""5942", Cocktail Artist Pina Colada Premium Mix,"bcs0399.jpg""",,,,,
"  ""5286", Pringles Pizza Potato Crisps,"bcs0193.jpg""",,,,,
"  ""6556", Sunsweet Ones Amazing Prunes Plum,"bcs0813.jpg""",,,,,
"  ""4564", Margherita Pepperoni Unsliced,"No Image.jpg""",,,,,
"  ""5908", Starbucks Frappuccino Mocha,"bcs0365.jpg""",,,,,
"  ""5977", Master of Mixes Sweetened Lime Juice,"bcs0430.jpg""",,,,,
"  ""4753", Weight Watchers Boneless Skinless Uncooked Chicken Tenders,"No Image.jpg""",,,,,
"  ""5941", Cocktail Artist Strawberry Daiquiri-Margarita Mix,"bcs0398.jpg""",,,,,
"  ""6123", Fanta Orange Zero Sugar,"bcs0524.jpg""",,,,,
"  ""15463", Smarties Candy Rolls Original,"HS0026.jpg""",,,,,
"  ""480", Purex Concentrated Detergent + CLOROX 85 loads,"DE0025.jpg""",,,,,
"  ""5224", Nabisco Wheat Thins Crackers, Hint of Salt,"bcs0141.jpg""",,,,
"  ""3513", Organic Mini Peppers,"f131.jpg""",,,,,
"  ""15519", Food Donation Bag,"1605664132.jpg""",,,,,
"  ""9036", Skippy Peanut Butter,"No Image.jpg""",,,,,
"  ""461", Sun Triple Clean Odor Release 134 medium loads laundry detergent,"DE0006.jpg""",,,,,
"  ""5331", Nature\u0027s Bakery Fig Bar Raspberry,"bcs0238.jpg""",,,,,
"  ""5305", Nabisco Nilla Wafers,"bcs0212.jpg""",,,,,
"  ""537", all stainlifters free clear detergent 24 Loads Laundry Detergent,"DE0077.jpg""",,,,,
"  ""5255", LATE JULY Cantina Style White Corn Tortilla Chips,"bcs0162.jpg""",,,,,
"  ""15499", Nestle Toll House Sugar Cookie Dough topped with snowflakes sprinkles,"HS0062.jpg""",,,,,
"  ""580", Downy Unstoppables inwash scent booster Lush Somptueux,"DE0120.jpg""",,,,,
"  ""5014", Utz Premium White Cheddar Popcorn,"bcs0065.jpg""",,,,,
"  ""6318", Poland Spring Sparkling Water, White Peach Ginger,"bcs0630.jpg""",,,,
"  ""5244", LATE JULY Sea Salt Multigrain Tortilla Chips Organic,"bcs0151.jpg""",,,,,
"  ""5406", Back to Nature Organic Stoneground Wheat Cracker,"bcs0313.jpg""",,,,,
"  ""5340", belVita Sandwich Dark Chocolate Creme,"bcs0247.jpg""",,,,,
"  ""197", Libman Poly Mesh Scrub Bob,"No Image.jpg""",,,,,
"  ""5060", Keebler Whoopsy Fudge Stripes Fullt Fudged,"bcs0084.jpg""",,,,,
"  ""13031", Hannaford Apple Dapples Cereal,"No Image.jpg""",,,,,
"  ""379", Progresso Deluxe Wooden Spoon,"No Image.jpg""",,,,,
"  ""5206", Nabisco WHole Grain Topped With Sea Salt Saltine Crackers,"bcs0138.jpg""",,,,,
"  ""6462", Planters Dry Roasted Peanuts,"bcs0726.jpg""",,,,,
"  ""6357", Polar Premium Half \u0026 Half Grapefruit and Lemon Flavor,"bcs0668.jpg""",,,,,
"  ""5252", LATE JULY Korean Bbq Tortilla Chips,"bcs0159.jpg""",,,,,
"  ""6113", Dr Pepper Original Soda,"bcs0519.jpg""",,,,,
"  ""15512", Market Basket MUM Flower Pot - Red Yellow,"HS0075.jpg""",,,,,
"  ""5409", Blue Diamond Honey Nut Thins Honey Cinnamon,"bcs0316.jpg""",,,,,
"  ""6384", Polar Black Cherry Sparkling Water,"bcs0690.jpg""",,,,,
"  ""4929", Smartfood White Cheddar,"bcs0038.jpg""",,,,,
"  ""13476", Hood Fat Free Milk,"499.jpg""",,,,,
"  ""5137", Pepperidge Farm Verona Cherry,"bcs0107.jpg""",,,,,
"  ""7109", La Spagnola Saut Oil,"No Image.jpg""",,,,,
"  ""8688", Pastene Sweet Banana Peppers,"No Image.jpg""",,,,,
"  ""4281", Butterball Turkey,"No Image.jpg""",,,,,
"  ""10341", Pasta Prima Five Cheese Ravioli Value Pack,"No Image.jpg""",,,,,
"  ""6220", Adirondack Beverages Seltzer, Raspberry Lime,"bcs0567.jpg""",,,,
"  ""15441", Snickers Peanuts, Caramel, Nougat, Milk Chocolate,"HS0004.jpg""",,
"  ""5617", Calavo Single Serve Guacamole,"No Image.jpg""",,,,,
"  ""5304", Nonni\u0027s Limone Biscotti,"bcs0211.jpg""",,,,,
"  ""5878", 4C Lemonade,"bcs0335.jpg""",,,,,
"  ""12899"," Grand Central Bakery 8\"" Central French Roll","No Image.jpg""",,,,,
"  ""8514", La Spagnola Safflower Oil,"No Image.jpg""",,,,,
"  ""5500", Lindt Lindor Milk Chocolate Truffles,"No Image.jpg""",,,,,
"  ""6455", Lorissa\u0027s Kitchen Ginger Teriyaki Tender Cuts of Chicken Breasts,"bcs0719.jpg""",,,,,
"  ""4755", Winter Creek Farms Chicken Wings Portions,"No Image.jpg""",,,,,
"  ""6029", Red Bull Red Edition - Cranberry,"bcs0464.jpg""",,,,,
"  ""15515", Market Basket Fleurette Flower Pot - Red,"HS0078.jpg""",,,,,
"  ""6091", Coca Cola Zero Sugar Box of Cans,"bcs0502.jpg""",,,,,
"  ""6392", Polar Seltzer Tart Cherry Limeade,"bcs0698.jpg""",,,,,
"  ""6501", Blue Diamond Wasabi \u0026 Soy Sauce Flavored Almonds,"bcs0765.jpg""",,,,,
"  ""6465", Planters Mixed Nuts,"bcs0729.jpg""",,,,,
"  ""593", Out white brite Laundry whitener,"DE0133.jpg""",,,,,
"  ""5891", Starbucks Cold Brew Cocoa \u0026 Honey Flavored,"bcs0348.jpg""",,,,,
"  ""6041", Rose\u0027s Sweetened Lime Juice,"bcs0474.jpg""",,,,,
"  ""4331", Smithfield Smoked Pork Neck Bones,"No Image.jpg""",,,,,
"  ""6453", Matador Original Beef Jerky,"bcs0717.jpg""",,,,,
"  ""15511", Market Basket MUM Flower Pot - Orange,"HS0074.jpg""",,,,,
"  ""522", Arm \u0026 Hammer Clean\u0026 Simple Laundry Detergent Crisp Clean,"DE0062.jpg""",,,,,
"  ""12698", Jessica\u0027s Brick Oven Honey Sunflower Tuscan,"No Image.jpg""",,,,,
"  ""6221", Adirondack Beverages Seltzer, Lemon Lime,"bcs0568.jpg""",,,,
"  ""5309", Newman\u0027s Own Vanilla Cookies,"bcs0216.jpg""",,,,,
"  ""6521", Sunmaid California Golden Raisins,"bcs0785.jpg""",,,,,
"  ""527", Arm \u0026 Hammer detergent plus Softener Orchard Blosson,"DE0067.jpg""",,,,,
"  ""5884", Tang Orange Naranja Drink Mix,"bcs0341.jpg""",,,,,
"  ""526", Arm \u0026 Hammer Sensitive Skin fresh \u0026 Clear 50 Loads Laundry Detergent,"DE0066.jpg""",,,,,
"  ""4581", Buddig Premium Deli Smoked Honey Turkey Breast,"No Image.jpg""",,,,,
"  ""6197", 7 Up Diet Cherry,"bcs0552.jpg""",,,,,
"  ""4356", Chef\u0027s Requested Boneless Underblade Chuck Steak,"No Image.jpg""",,,,,
"  ""5198", Milton\u0027s Craft Bakers Gluten Free Baked Crackers Everything,"bcs0131.jpg""",,,,,
"  ""5975", Master of Mixes Handcrafted Strawberry Colada Mixer,"bcs0428.jpg""",,,,,
"  ""561", Woolite All Darks Laundry Detergent 33 Loads,"DE0101.jpg""",,,,,
"  ""4459", Bianco \u0026 Sons Breakfast Sausage,"No Image.jpg""",,,,,
"  ""6081", Coca Cola Diet Coke,"bcs0501.jpg""",,,,,
"  ""4545", Fratelli Beretta Sweet Sopressata,"No Image.jpg""",,,,,
"  ""5928", KITU Super Coffee Maple Pumpkin,"bcs0385.jpg""",,,,,
"  ""506", Tide Pods Fresh Coral Blast Laundry Detergent,"DE0051.jpg""",,,,,
"  ""4877", Lay\u0027S Dill Pickle Potato Chips Party Size,"bcs0017.jpg""",,,,,
"  ""5873", 4C Fruit Punch,"bcs0330.jpg""",,,,,
"  ""6489", Emerald Almonds \u0026 Walnuts Unsalted,"bcs0753.jpg""",,,,,
"  ""6100", Coca Cola Zero Sugar Diet Coke Box of Cans,"bcs0510.jpg""",,,,,
"  ""5013", Utz Cheddar Cheese Curls,"bcs0064.jpg""",,,,,
"  ""4835", Chex Mix Honey Nut Snack Mix,"bcs0007.jpg""",,,,,
"  ""15472", M\u0026M\u0027s Ghoul\u0027s Mix Peanut Flavoured Candy,"HS0035.jpg""",,,,,
"  ""5247", LATE JULY Sea Salt No Grain Tortilla Chips,"bcs0154.jpg""",,,,,
"  ""5318", Oreo Carrot Cake Flavored Cookie Family Size,"bcs0225.jpg""",,,,,
"  ""5970", Master of Mixes Handcrafted Pina Colada Mixer,"bcs0423.jpg""",,,,,
"  ""6256", Dasani Purified Water,"bcs0594.jpg""",,,,,
"  ""5040", Pirouline Creme Filled Wafers Chocolate Hazelnut,"bcs0072.jpg""",,,,,
"  ""15114", Olay Exfoliating Scrub, Deep Pore Clean, Out of This Swirled!,"No Image.jpg""",,,
"  ""8225", Lea \u0026 Perrins Original Worcestershire Sauce,"No Image.jpg""",,,,,
"  ""15313", Centrum MultiGummies,"No Image.jpg""",,,,,
"  ""15503", Nestle Toll House Funfetti Edible Cookie Dough Chocolate Chip,"HS0066.jpg""",,,,,
"  ""6520", Sunmaid Raisins,"bcs0784.jpg""",,,,,
"  ""4374", Shady Brook Turkey Breast Scallopini,"No Image.jpg""",,,,,
"  ""6544", StoneRidge Organic Montmorency Cherries,"bcs0801.jpg""",,,,,
"  ""4272", Ruby Bay Scottish Style Smoked Salmon,"No Image.jpg""",,,,,
"  ""458", Sun Triple Clean clean\u0026fresh 32 medium loads laundry detergent,"DE0003.jpg""",,,,,
"  ""4828", Cape Cod Sea Salt \u0026 Cracked Pepper,"bcs0003.jpg""",,,,,
"  ""4881", Lay\u0027s Poppables Creamy Jalepeno Crispy Potato Bites,"bcs0021.jpg""",,,,,
"  ""5329", Nature\u0027s Bakery Fig Bar Apple Cinnamon,"bcs0236.jpg""",,,,,
"  ""5398", Back to Nature Classic Creme Cookies,"bcs0305.jpg""",,,,,
"  ""494", Tide Simply Clean\u0026 Fresh Daybreak Fresh 22 Loads Laundry Detergent,"DE0039.jpg""",,,,,
"  ""6148", Mountain Dew Box of Cans,"bcs0531.jpg""",,,,,
"  ""5246", LATE JULY Mild Green Mojo Tortilla Chips Organic,"bcs0153.jpg""",,,,,
"  ""5330", Nature\u0027s Bakery Fig Bar Blueberry,"bcs0237.jpg""",,,,,
"  ""6381", Polar Mandarin Sparkling Water,"bcs0687.jpg""",,,,,
"  ""5372", Enjoy Life Soft Baked Cookies Chocolate Chip,"bcs0279.jpg""",,,,,
"  ""6547", Dang Caramel Sea Salt Coconut Chips,"bcs0804.jpg""",,,,,
"  ""7436", Gonsalves Sliced Sweet Red Peppers,"No Image.jpg""",,,,,
"  ""6243", Fever-Tree Premium Light Ginger Beer,"bcs0589.jpg""",,,,,
"  ""4051", Certified Angus Beef Sirloin Tip Steaks USDA Choice,"No Image.jpg""",,,,,
"  ""5415", Cheez-it Original,"bcs0322.jpg""",,,,,
"  ""5995", Gatorade Thirst Quencher Fruit Punch Powder Packs,"No Image.jpg""",,,,,
"  ""6146", Mountain Dew Can,"bcs0529.jpg""",,,,,
"  ""590", Ultra Snuggle Fabric Conditioner with Fresh Release Blue Sparkle 120 loads,"DE0130.jpg""",,,,,
"  ""4128", Springer Farms Skinless Chicken Breast,"No Image.jpg""",,,,,
"  ""8516", La Spagnola Vegetable And Olive Oil,"No Image.jpg""",,,,,
"  ""6185", Schweppes Ginger Ale Box of Cans,"bcs0545.jpg""",,,,,
"  ""6376", Polar Lemon Sparkling Water,"bcs0682.jpg""",,,,,
"  ""6238", Core Hydration Purified Water,"bcs0584.jpg""",,,,,
"  ""15466", Starbust Fruit Chews,"HS0029.jpg""",,,,,
"  ""6313", Poland Spring Sparkling Water, Black Cherry,"bcs0625.jpg""",,,,
"  ""4199", Harvestland Chicken Breast,"No Image.jpg""",,,,,
"  ""5384", Simple Mills Almond Flour Crackers Farmhouse Cheddar,"bcs0291.jpg""",,,,,
"  ""555", Xtra Plus OXI Clean Crystal Clean 108 Loads Laundry Detergent,"DE0095.jpg""",,,,,
"  ""5055", Keebler 12 Pack Paw Patrol Graham Snacks Cinnamon,"bcs0080.jpg""",,,,,
"  ""531", Arm \u0026 Hammer Clean Scentsations Scent booster Purifying Waters,"DE0071.jpg""",,,,,
"  ""549", Gain Fireworks in wash scent moonlight breeze Laundry Detergent,"DE0089.jpg""",,,,,
"  ""6164", Pepsi Caffeine Free,"bcs0538.jpg""",,,,,
"  ""4560", Veroni Prosciutto,"No Image.jpg""",,,,,
"  ""6236", Bubly Sparkling Water Blackberry,"bcs0582.jpg""",,,,,
"  ""5016", Utz Pork Rinds Chicharrones Hot n Spicy,"bcs0067.jpg""",,,,,
"  ""5306", Nabisco Ginger Snaps,"bcs0213.jpg""",,,,,
"  ""5366", Pepperidge Farmhouse Thin \u0026 Crispy Milk Chocolate Chip,"bcs0273.jpg""",,,,,
"  ""4874", Lay\u0027s Wavy Lightly Salted,"bcs0016.jpg""",,,,,
"  ""482", Purex Detergent Odor Release 85 Loads,"DE0027.jpg""",,,,,
"  ""501", Tide Detergent Original 96 Loads Laundry Detergent,"DE0046.jpg""",,,,,
"  ""5900", Starbucks Doubleshot Energy Coffee,"bcs0357.jpg""",,,,,
"  ""14905", O.B. Pro Comfort Super Tampons,"No Image.jpg""",,,,,
"  ""5117", Pepperidge Farm Pumpkin Cheesecake Soft Baked,"bcs0099.jpg""",,,,,
"  ""6546", Dang Original Coconut Chips,"bcs0803.jpg""",,,,,
"  ""550", Gain Fireworks in wash scent island fresh Laundry Detergent,"DE0090.jpg""",,,,,
"  ""460", Sun Triple Clean fresh morning breeze 32 medium loads laundry detergent,"DE0005.jpg""",,,,,
"  ""497", Tide Fresh Coral Blast Detergent 64 Loads,"DE0042.jpg""",,,,,
"  ""5968", Master of Mixes Handcrafted Margarita Mixer,"bcs0421.jpg""",,,,,
"  ""5026", Wise Popcorn 30% Reduced Fat Sea Salt,"bcs0069.jpg""",,,,,
"  ""5992", Master of Mixes Pina Colada Mixer,"bcs0445.jpg""",,,,,
"  ""6016", Red Bull The Orange Edition - Tangerine,"bcs0462.jpg""",,,,,
"  ""4240", Smithfield Anytime Favorites Hardwood Smoked Steak Ham,"No Image.jpg""",,,,,
"  ""4492", Thin \u0027n Trim Thinly Sliced Buffalo Style Chicken Breast,"No Image.jpg""",,,,,
"  ""6080", Coca Cola Diet Coke,"bcs0500.jpg""",,,,,
"  ""6345", Polar Pineapple Flavored Soda,"bcs0656.jpg""",,,,,
"  ""5138", Pepperridge Farm Verona Strawberry Cookies,"bcs0108.jpg""",,,,,
"  ""5418", Oreo Mini Go Paks,"bcs0325.jpg""",,,,,
"  ""6342", Polar Black Cherry Soda Cans,"bcs0653.jpg""",,,,,
"  ""6516", Second Nature Wholesome Medley,"bcs0780.jpg""",,,,,
"  ""6093", Coca Cola Original Taste,"bcs0503.jpg""",,,,,
"  ""4197", Perdue Fresh Chicken Breast,"No Image.jpg""",,,,,
"  ""6219", Adirondack Beverages Seltzer, Original,"bcs0566.jpg""",,,,
"  ""8279", Cedar Greek Style Yogurt Dip, Buffalo Bleu Cheese,"No Image.jpg""",,,,
"  ""5088", Mi Del Vanilla Snaps,"bcs0091.jpg""",,,,,
"  ""6379", Polar Vanilla Sparkling Water,"bcs0685.jpg""",,,,,
"  ""5106", Royal Dansk Danish Butter Cookies,"bcs0096.jpg""",,,,,
"  ""4372", Shady Brook Farms All Natural Turkey,"No Image.jpg""",,,,,
"  ""5909", Starbucks Frappuccino Coffee,"bcs0366.jpg""",,,,,
"  ""6059", Crystal Light Pure Lemonade,"bcs0490.jpg""",,,,,
"  ""5905", Starbucks Frappuccino Toasted White Chocolate,"bcs0362.jpg""",,,,,
"  ""10601", McCormick Hot Shot Extra Bold Pepper Blend,"No Image.jpg""",,,,,
"  ""6245", Canada Dry Peach Mango Sparkling Seltzer Water,"bcs0590.jpg""",,,,,
"  ""6224", Adirondack Original Seltzer,"bcs0571.jpg""",,,,,
"  ""5053", Keebler Country Style Oatmeal Cookies With Raisin,"bcs0079.jpg""",,,,,
"  ""6527", Sunmaid Vanilla Yogurt Flavored Raisins,"bcs0791.jpg""",,,,,
"  ""6344", Polar Diet Ginger Ale Cans,"bcs0655.jpg""",,,,,
"  ""411", Scott Comfort Plus unscented bathroom tissue,"DE0149.jpg""",,,,,
"  ""5115", Pepperidge Farm Nantucket Dark Chocolate Cookies,"bcs0097.jpg""",,,,,
"  ""5177", Good Thins Sea Salt Rice Snacks Gluten Free,"bcs0118.jpg""",,,,,
"  ""4429", Kayem Minis Beef \u0026 Pork Cocktail Franks,"No Image.jpg""",,,,,
"  ""5189", LATE JULY Organic Sea Salt Potato Chips,"bcs0125.jpg""",,,,,
"  ""5290", Pringles Original Lunch 12 Pack,"bcs0197.jpg""",,,,,
"  ""5417", Golden Oreo Mini,"bcs0324.jpg""",,,,,
"  ""532", all fabric softener free clear 40 loads,"DE0072.jpg""",,,,,
"  ""465", Sun Triple Clean tropical breeze 32 medium loads laundry detergent,"DE0010.jpg""",,,,,
"  ""476", Purex Concentrated Detergent Mountain Breeze 57 loads,"DE0021.jpg""",,,,,
"  ""5103", Nabisco Oreo Golden Double Stuf Sandwich Cookies,"bcs0095.jpg""",,,,,
"  ""5945", Finest Call Premium Strawberry Puree Mix,"bcs0402.jpg""",,,,,
"  ""6477", River Queen Salted Fancy Mixed Nuts,"bcs0741.jpg""",,,,,
"  ""10315", Lucio Garofalo Elbow Pasta,"No Image.jpg""",,,,,
"  ""4052", Certified Angus Beef Thin Boneless Chuck Steak,"No Image.jpg""",,,,,
"  ""624", Scotties everyday comfort,"DE0144.jpg""",,,,,
"  ""7048", Capatriti Pure Olive Oil,"No Image.jpg""",,,,,
"  ""3508", Organic Whole White mushrooms,"f126.jpg""",,,,,
"  ""5271", Good Health Potato Chips Avocado Oil Sea Salt,"bcs0178.jpg""",,,,,
"  ""558", Xtra Detergent Tropical Passion,"DE0098.jpg""",,,,,
"  ""5382", Simple Mills Almond Flour Crackers Sun Dried Tomato \u0026 Basil,"bcs0289.jpg""",,,,,
"  ""6394", Polar Seltzer Starfruit Lemonade,"bcs0700.jpg""",,,,,
"  ""15455", 55 Halloween Treats Tootsie Rolls, Charlestown Chew, Junior Minis,"HS0018.jpg""",,,
"  ""6327", Polar Pink Grapefruit Dry Sparkling Can,"bcs0639.jpg""",,,,,
"  ""5404", Back to Nature Organic Rosemary \u0026 Olive Oil Stoneground Wheat Cracker,"bcs0311.jpg""",,,,,
"  ""115", Butler Gum Power Brush,"No Image.jpg""",,,,,
"  ""466", Sun Triple Clean tropical breeze 178 medium loads laundry detergent,"DE0011.jpg""",,,,,
"  ""6033", Red Bull Green Edition - Kiwi Apple,"bcs0468.jpg""",,,,,
"  ""6323", Polar Seltzer Pixie Lights,"bcs0635.jpg""",,,,,
"  ""576", Downy fresh Protect with febreze in wash ODOR Defense active fresh Laundry Detergent,"DE0116.jpg""",,,,,
"  ""5893", Starbucks Doubleshot Americano Cans 4 Pack,"bcs0350.jpg""",,,,,
"  ""4194", Harvestland All Natural Fresh Chicken Breasts,"No Image.jpg""",,,,,
"  ""4559", Veroni Prosciutto,"No Image.jpg""",,,,,
"  ""5294", Ritz Crisp \u0026 Thins 50% Less Fat Cream Cheese \u0026 Onion,"bcs0201.jpg""",,,,,
"  ""15513", Market Basket MUM Flower Pot - Reddish Yellow,"HS0076.jpg""",,,,,
"  ""502", Tide Plus Febreeze freshness botanical rain 69 Loads,"DE0047.jpg""",,,,,
"  ""5301", Ritz Crisp \u0026 Thins 50% Less Fat Barbecue,"bcs0208.jpg""",,,,,
"  ""10397", Cedar Lane Red Lentil,"No Image.jpg""",,,,,
"  ""7214", Garden Pure Fresh Cut Pineapple,"No Image.jpg""",,,,,
"  ""8389", Trinidad Country Style Old Fashioned Pure Honey U.S. Grade A,"No Image.jpg""",,,,,
"  ""5065", Lu Digestive Biscuits,"bcs0086.jpg""",,,,,
"  ""560", Woolite All Clothes Laundry Detergent 33 Loads,"DE0100.jpg""",,,,,
"  ""4965", Terra Sweet Potato Chips No Salt Added Non GMO,"bcs0043.jpg""",,,,,
"  ""4109", Chung\u0027s Chicken Pot Stickers,"No Image.jpg""",,,,,
"  ""4461", DiLuigi Sweet Italian Chicken Sausage,"No Image.jpg""",,,,,
"  ""5002", Utz Ripples Barbeque Potato Chips,"bcs0057.jpg""",,,,,
"  ""15448", Milky Ways Fun Size,"HS0011.jpg""",,,,,
"  ""510", Mrs Stewarts Concentrated Liquid Bluing Laundry Detergent,"DE0055.jpg""",,,,,
"  ""8747", Margarita\u0027s Hot Salsa,"No Image.jpg""",,,,,
"  ""4462", Gaspar\u0027s Ground Linguica Sausage,"No Image.jpg""",,,,,
"  ""6365", Polar Seltzer Original,"bcs0674.jpg""",,,,,
"  ""5627", Pacific Celery Sticks,"No Image.jpg""",,,,,
"  ""6105", Country Time Pink Lemonade,"bcs0513.jpg""",,,,,
"  ""15445", Lifesavers Big Gummies Starburst Favereds, Skittles Wild Berry, Starburst Original, Skittles Original,"HS0008.jpg""",,
"  ""5266", Good Health Veggie Stix Sea Salt,"bcs0173.jpg""",,,,,
"  ""6038", Reese Maraschino Syrup - Sweet Essence of Cherry,"bcs0471.jpg""",,,,,
"  ""4844", Food Should Taste Good Sweet Potato Tortilla Chips, Gluten Free,"bcs0010.jpg""",,,,
"  ""6459", Vermont Uncured Pepperoni Turkey Sticks,"bcs0723.jpg""",,,,,
"  ""14349", Cafe Jose Tarrazu Reserve,"No Image.jpg""",,,,,
"  ""15452", 35 Pieces Milky Way Bar, 3 Musketeers, Twix, Snickers,"HS0015.jpg""",,
"  ""5356", Cheez-it 12 Pack Extra Toasty,"bcs0263.jpg""",,,,,
"  ""5012", Utz Popcorn Butter,"bcs0063.jpg""",,,,,
"  ""511", Dreft Stage 2:active baby Laundry Detergent 32 Loads,"DE0056.jpg""",,,,,
"  ""5274", Good Health Sweet Potato Sea Salted Kettle Style Chips,"bcs0181.jpg""",,,,,
"  ""5915", Starbucks Iced Espresso Vanilla Latte,"bcs0372.jpg""",,,,,
"  ""6274", Glaceau Smart Water,"bcs0608.jpg""",,,,,
"  ""6531", Sunmaid Chocolate Yogurt Covered Raisins,"bcs0795.jpg""",,,,,
"  ""143", Butler Gum Scrubber Dishwand,"No Image.jpg""",,,,,
"  ""6128", Fresca Sparkling Soda Water Grapefruit Citrus Original,"bcs0528.jpg""",,,,,
"  ""4540", Del Duca Prosciutto \u0026 Provolone Cheese Slices,"No Image.jpg""",,,,,
"  ""5371", Enjoy Life Soft Baked Cookies Snickerdoodle,"bcs0278.jpg""",,,,,
"  ""456", Meyer\u0027s Clean Day Laundry Detergent Lavender,"DE0001.jpg""",,,,,
"  ""544", all stainlifters free clear detergent 4 Loads9,"DE0084.jpg""",,,,,
"  ""6468", P3 Honey Roasted Peanuts, Sunflower Kernels, Sweet \u0026 Spicy Teriyaki Beef Jerky,"bcs0732.jpg""",,,
"  ""5344", belVita Vanilla Oat,"bcs0251.jpg""",,,,,
"  ""5879", 4C Lemonade,"bcs0336.jpg""",,,,,
"  ""5902", Starbucks Frappuccino Salted Dark Chocolate,"bcs0359.jpg""",,,,,
"  ""6558", Suzie\u0027s Thin Puffed Cakes Quinoa \u0026 Flax,"bcs0815.jpg""",,,,,
"  ""5503", M\u0026M Milk Chocolate Candies With Peanut,"No Image.jpg""",,,,,
"  ""475", Seventh Generation Laundry Detergent fresh Lavender scent,"DE0020.jpg""",,,,,
"  ""4342", Deli Sliced Liverwurst,"No Image.jpg""",,,,,
"  ""5375", Kinnikinnick Vanilla Wafers,"bcs0282.jpg""",,,,,
"  ""8369", Honeytree\u0027s Light Agave Nectar,"No Image.jpg""",,,,,
"  ""5938", Powell \u0026 Mahoney Skinny Margarita,"bcs0395.jpg""",,,,,
"  ""15470", Hershey\u0027s Vampire Kisses Milk Chocolate Filled with Strawberry Flavoured Creme,"HS0033.jpg""",,,,,
"  ""8224", Lavant Tahina,"No Image.jpg""",,,,,
"  ""5254", LATE JULY Cantina Style Yellow Corn Tortilla Chips,"bcs0161.jpg""",,,,,
"  ""6230", Aha Sparkling Water Black Cherry + Coffee,"bcs0577.jpg""",,,,,
"  ""5135", Pepperidge Farm Verona Apricot Raspberry,"bcs0105.jpg""",,,,,
"  ""6056", Crystal Light Peach Mango Green Tea,"bcs0487.jpg""",,,,,
"  ""6470", Second Nature Wholesome Medley,"bcs0734.jpg""",,,,,
"  ""15456", 60 Pieces Boo Bag Crunch, Babyruth, Butterfinger,"HS0019.jpg""",,,
"  ""6530", Sunmaid California Sun-dried Raisins,"bcs0794.jpg""",,,,,
"  ""6457", Lorissa\u0027s Kitchen Korean Barbecue Tender Beef Steak Strips,"bcs0721.jpg""",,,,,
"  ""5226", Nabisco Wheat Thins Crackers, Big,"bcs0143.jpg""",,,,
"  ""15487", Charms Assorted Bubble Gum Filled Pops,"HS0050.jpg""",,,,,
"  ""5268", Good Health Veggie Chips Sea Salt,"bcs0175.jpg""",,,,,
"  ""4243", Sugardale Prestige Smoked Ham,"No Image.jpg""",,,,,
"  ""584", Snuggle exhilarations amber woods and honeysuckle fabric conditioner,"DE0124.jpg""",,,,,
"  ""4157", Perdue Whole Cornish Game Hen,"No Image.jpg""",,,,,
"  ""4884", Lay\u0027s Poppables White Cheddar Crispy Potato Bites,"bcs0024.jpg""",,,,,
"  ""5277", PopCorners Popped Corn Chips Sweet \u0026 Salty Kettle Corn,"bcs0184.jpg""",,,,,
"  ""6469", Planters Wholesome Nut Mix,"bcs0733.jpg""",,,,,
"  ""6472", Kars Sweet \u0027N Salty Mix,"bcs0736.jpg""",,,,,
"  ""4282", Di Luigi Turkey Patties,"No Image.jpg""",,,,,
"  ""7615", Del Monte Fruit Naturals Red Grapefruit,"No Image.jpg""",,,,,
"  ""6314", Poland Spring Sparkling Water, Lemon Lime,"bcs0626.jpg""",,,,
"  ""8775", Tio Juan\u0027s Margarita Hot Salsa,"No Image.jpg""",,,,,
"  ""6524", Sunmaid Chopped Dates,"bcs0788.jpg""",,,,,
"  ""4114", Perdue Chicken,"No Image.jpg""",,,,,
"  ""6057", Crystal Light Strawberry Watermelon,"bcs0488.jpg""",,,,,
"  ""4479", Old Neighborhood Chinese Sausage,"No Image.jpg""",,,,,
"  ""6395", Polar Seltzer Pink Raspberry Lemonade,"bcs0701.jpg""",,,,,
"  ""7157", Pastene 100% Pure Olive Oil,"No Image.jpg""",,,,,
"  ""12680", Fiber One 100% Whole Wheat Multi Grain Bread,"No Image.jpg""",,,,,
"  ""524", Arm \u0026 Hammer Sensitive Skin plus Fresh Scent 100 Loads Laundry Detergent,"DE0064.jpg""",,,,,
"  ""6294", Poland Spring Brand 100% Natural Spring Water,"bcs0615.jpg""",,,,,
"  ""6208", Sprite Lemon Lime Soda No Caffeine Box of Cans,"bcs0561.jpg""",,,,,
"  ""619", Kleenex Ultra Soft,"DE0139.jpg""",,,,,
"  ""111", Butler Gum Brass Pot/Pan Brush,"No Image.jpg""",,,,,
"  ""564", Persil ProClean Intense Fresh Detergent Deep Clean 25 Loads,"DE0104.jpg""",,,,,
"  ""4840", Doritos Spicy Sweet Chilli Tortilla Chips,"bcs0009.jpg""",,,,,
"  ""5338", belVita Sandwich Cinnamon Brown Sugar With Vanilla Creme,"bcs0245.jpg""",,,,,
"  ""5944", Cocktail Artist Bloody Mary Premium Mix,"bcs0401.jpg""",,,,,
"  ""6052", Jolly Rancher Freezer Pops,"bcs0484.jpg""",,,,,
"  ""5259", Kettle Brand Potato Chips Sea Salt,"bcs0166.jpg""",,,,,
"  ""5307", Nabisco Original Premium Topped With Sea Salt Fresh Stacks,"bcs0214.jpg""",,,,,
"  ""6341", Polar Diet Pink Grapefruit Dry Box of Cans,"bcs0652.jpg""",,,,,
"  ""8269", Tabasco Pepper Sauce,"No Image.jpg""",,,,,
"  ""12893", Fantini Bakery Ciabatta Rolls,"No Image.jpg""",,,,,
"  ""4917", Ruffles Double Crunch Hot Wings,"bcs0029.jpg""",,,,,
"  ""5256", LATE JULY Organic Sea Salt Dippers Tortilla Chips,"bcs0163.jpg""",,,,,
"  ""6405", Sparkling ICE 4 Pack,"bcs0705.jpg""",,,,,
"  ""6543", StoneRidge Organic Blueberries,"bcs0800.jpg""",,,,,
"  ""7495", Levant Grape Leaves,"No Image.jpg""",,,,,
"  ""15484", KitKat Dark Chocolate Crisp Wafer Snack Size,"HS0047.jpg""",,,,,
"  ""15486", 55 Pieces Caramel Lovers - Twix, Snickers, Milky Way, M\u0026M\u0027s,"HS0049.jpg""",,
"  ""5209", Olde Cape Cod Soup \u0026 Chowder Oyster Crackers,"bcs0139.jpg""",,,,,
"  ""4108", Bell \u0026 Evans Chicken,"No Image.jpg""",,,,,
"  ""474", Seventh Generation Ultra Power Plus Laundry Detergent fresh CITRUS scent,"DE0019.jpg""",,,,,
"  ""5971", Master of Mixes Handcrafted Watermelon Daiquiri \u0026 Margarita Mixer,"bcs0424.jpg""",,,,,
"  ""6266", Glaceau Smart Water,"bcs0600.jpg""",,,,,
"  ""15498", Market Basket Jumbo Pumpkins,"HS0061.jpg""",,,,,
"  ""5289", Pringles Variety Pack 6 Original 6 Sour Cream 6 Cheddar Cheese 18 Pack,"bcs0196.jpg""",,,,,
"  ""6335", Polar Raspberry Lime Seltzer,"bcs0646.jpg""",,,,,
"  ""4859", Lay\u0027s Baked Barbeque,"bcs0015.jpg""",,,,,
"  ""5883", 4C Iced Tea Mix Natural Lemon Flavor,"bcs0340.jpg""",,,,,
"  ""5947", Finest Call Premium Mango Mix,"bcs0404.jpg""",,,,,
"  ""7403", Chi Chi\u0027s Diced Fiesta Green Chilis,"No Image.jpg""",,,,,
"  ""567", Ultra Downy april fresh 120 Loads Laundry Detergent,"DE0107.jpg""",,,,,
"  ""5007", Utz The Crab Chip Potato Chips,"bcs0058.jpg""",,,,,
"  ""89", Fresh \u0027n Clean All Purpose Pine Cleaner,"No Image.jpg""",,,,,
"  ""6347", Polar Zero Sugar Ginger Ale Soda,"bcs0658.jpg""",,,,,
"  ""12965"," Joseph\u0027s Multi Grain Premium Wraps 10\""","No Image.jpg""",,,,,
"  ""8515", La Spagnola Saut Oil,"No Image.jpg""",,,,,
"  ""6559", Suzie\u0027s Thin Puffed Cakes Spelt \u0026 Flax,"bcs0816.jpg""",,,,,
"  ""5250", LATE JULY White Cheddar Organic Popcorn,"bcs0157.jpg""",,,,,
"  ""6467", P3 Chipotle Peanuts, Sunflower Kernels, Original Beef Jerky,"bcs0731.jpg""",,,
"  ""6484", Teddie Premium Selection Honey Roasted Extra Large Virginia Peanuts,"bcs0748.jpg""",,,,,
"  ""5335", belVita Bites Cinnamon Brown Sugar,"bcs0242.jpg""",,,,,
"  ""5876", 4C Light Green Tea with Honey,"bcs0333.jpg""",,,,,
"  ""479", Purex Concentrated Detergent After the Rain 57 loads,"DE0024.jpg""",,,,,
"  ""5241", LATE JULY Organic Blue Corn Restaurant Style Tortilla Chips,"bcs0148.jpg""",,,,,
"  ""4926", Smartfood Movie Theatre Butter,"bcs0035.jpg""",,,,,
"  ""6529", Sunmaid Mini Snacks,"bcs0793.jpg""",,,,,
"  ""6276", Glaceau Smart Water Antitoxidant,"bcs0610.jpg""",,,,,
"  ""6272", Glaceau Smart Water,"bcs0606.jpg""",,,,,
"  ""8104", Progresso Reduced Sodium Chicken Broth,"No Image.jpg""",,,,,
"  ""5985", Master of Mixes Lite Sweet \u0027N Sour Mixer,"bcs0438.jpg""",,,,,
"  ""6367", Polar Seltzer Black Cherry,"bcs0676.jpg""",,,,,
"  ""8718", Cedar All Natural Hommus, Chipotle,"No Image.jpg""",,,,
"  ""492", Tide Simply + OXI Refreshing Breeze 74 Loads Laundry Detergent,"DE0037.jpg""",,,,,
"  ""477", Purex Concentrated Detergent Mountain Breeze 38 loads,"DE0022.jpg""",,,,,
"  ""620", Kleenex trusted care,"DE0140.jpg""",,,,,
"  ""8837", Ken\u0027s Greek Dressing,"No Image.jpg""",,,,,
"  ""5996", Monster Energy Low Carb 4 Pack,"bcs0447.jpg""",,,,,
"  ""5929", KITU Super Coffee Mocha,"bcs0386.jpg""",,,,,
"  ""5937", Suckerpunch Gourmet Spicy Bloody Mary Mix,"bcs0394.jpg""",,,,,
"  ""6273", Glaceau Smart Water,"bcs0607.jpg""",,,,,
"  ""8879", Kraft Classic Catalina Dressing,"No Image.jpg""",,,,,
"  ""5315", Oreo Chocolate Marshmallow Cookies Family Size,"bcs0222.jpg""",,,,,
"  ""8589", Botticelli Fire Roasted Sweet Red Peppers,"No Image.jpg""",,,,,
"  ""15507", Market Basket Happy Autumn Balloon,"HS0070.jpg""",,,,,
"  ""6316", Poland Spring Sparkling Water, Ruby Red Grapefruit,"bcs0628.jpg""",,,,
"  ""459", Sun Triple Clean plus OXI original fresh 28 medium loads laundry detergent,"DE0004.jpg""",,,,,
"  ""457", Meyer\u0027s Clean Day Laundry Detergent Lemon Verbena Scent,"DE0002.jpg""",,,,,
"  ""8415", Jack Link\u0027s Orignal Beef Jerky,"No Image.jpg""",,,,,
"  ""5875", 4C Half \u0026 Half Iced Tea Lemonade,"bcs0332.jpg""",,,,,
"  ""6366", Polar Seltzer Lemon,"bcs0675.jpg""",,,,,
"  ""470", OxiClean Laundry Dark Protect Laundry Booster 40 Loads,"DE0015.jpg""",,,,,
"  ""6042", Rose\u0027s Grenadine Syrup,"bcs0475.jpg""",,,,,
"  ""4912", Rold Gold Pretzel Thins,"bcs0027.jpg""",,,,,
"  ""487", Purex 4 in 1 Pacs Mountain Breeze 29 pack Laundry Detergent,"DE0032.jpg""",,,,,
"  ""5889", Dunkin\u0027 Donuts French Vanilla,"bcs0346.jpg""",,,,,
"  ""5128", Pepperidge Farm Lemon Flavored Chocolate Cookies,"bcs0101.jpg""",,,,,
"  ""6393", Polar Seltzer Blood Orange Lemonade,"bcs0699.jpg""",,,,,
"  ""6451", Bridgford Honey Barbecue Beef Jerky,"bcs0715.jpg""",,,,,
"  ""15469", Hershey\u0027s Monster Kisses Milk Chocolate,"HS0032.jpg""",,,,,
"  ""6525", Sunmaid Pitted Dates,"bcs0789.jpg""",,,,,
"  ""4713", Carando Spiral Cut Half Ham,"No Image.jpg""",,,,,
"  ""15442", 80 Pieces M\u0026M\u0027s, Twix, Starburst Original, Snickers,"HS0005.jpg""",,
"  ""6188", Schweppes Diet Ginger Ale,"bcs0546.jpg""",,,,,
"  ""7077", Fillippo Extra Virgin Olive Oil,"No Image.jpg""",,,,,
"  ""6065", Brisk Lemon Iced Tea Box of Cans,"bcs0493.jpg""",,,,,
"  ""4986", Utz Kettle Classic Smokin Sweet Bbq Flavored Potato Chips,"bcs0052.jpg""",,,,,
"  ""8352", Ben\u0027s Sugar Shack 100% Maple Syrup,"No Image.jpg""",,,,,
"  ""5269", Good Health Veggie Chips Cream Onion \u0026 Chive,"bcs0176.jpg""",,,,,
"  ""6203", 7 Up Cherry Box of Cans,"bcs0558.jpg""",,,,,
"  ""3442", Blueberries,"f19.jpg""",,,,,
"  ""6225", Adirondack Raspberry Lime Sparkling Seltzer Water,"bcs0572.jpg""",,,,,
"  ""15462", Hershey Milk Chocolate DC Superhero Bar,"HS0025.jpg""",,,,,
"  ""12693", Grand Central Bakery Sliced Scali,"No Image.jpg""",,,,,
"  ""6063", Moxie Soda Box of Cans,"bcs0492.jpg""",,,,,
"  ""5414", Nabisco Barnum\u0027s Animals Crackers,"bcs0321.jpg""",,,,,
"  ""5317", Oreo Chocolate Peanut Butter Pie Cookie Fmily Size,"bcs0224.jpg""",,,,,
"  ""6504", Blue Diamond Oven Roasted Almonds,"bcs0768.jpg""",,,,,
"  ""6031", Red Bull Orange Edition - Tangerine,"bcs0466.jpg""",,,,,
"  ""5249", LATE JULY Kettle Organic Popcorn,"bcs0156.jpg""",,,,,
"  ""7591", Pine Cone Whole Peeled Tomatoes,"No Image.jpg""",,,,,
"  ""5921", Peet\u0027s Iced Espresso Mocha,"bcs0378.jpg""",,,,,
"  ""5008", Utz Party Mix Cheese Crunchies Tortilla Chips Bbq Corn Chips Pretzel Wheels Nachos,"bcs0059.jpg""",,,,,
"  ""5089", Mi Del Lemon Snaps,"bcs0092.jpg""",,,,,
"  ""6353", Polar Premium Club Soda Lime,"bcs0664.jpg""",,,,,
"  ""583", Snuggle exhilarations blue iris and ocean bridge fabric conditioner,"DE0123.jpg""",,,,,
"  ""6337", Polar Original Seltzer,"bcs0648.jpg""",,,,,
"  ""481", Purex Concentrated Detergent After the Rain 115 loads,"DE0026.jpg""",,,,,
"  ""5361", Tate\u0027s Bake Shop Walnut Chocolate Chip Cookies,"bcs0268.jpg""",,,,,
"  ""5011", Utz Popcorn Cheese,"bcs0062.jpg""",,,,,
"  ""5978", Master of Mixes Grenadine Syrup,"bcs0431.jpg""",,,,,
"  ""578", Downy WrinkleGuard Fabric Conditioner,"DE0118.jpg""",,,,,
"  ""5354", Austin Sandwich Crackers Peanut Butter on Cheese Crackers,"bcs0261.jpg""",,,,,
"  ""485", Purex 4 in 1 Pacs Mountain Breeze 19 pack Laundry Detergent,"DE0030.jpg""",,,,,
"  ""6416", Lundberg Family Farms Organic Wild Rice Lightly Salted Whole Grain Rice Cakes,"bcs0711.jpg""",,,,,
"  ""15483", York Dark Chocolate Covered Peppermint Patties,"HS0046.jpg""",,,,,
"  ""6386", Polar Strawberry Watermelon Sparkling Water,"bcs0692.jpg""",,,,,
"  ""605", Charmin Ultra Strong Toilet Paper 9 Mega Rolls,"DE0155.jpg""",,,,,
"  ""15446", Child\u0027s Play Tootsie Roll, Juniors, Snack Bars, Mini Dots, Tootsie Pops, Tootsie Fruit Chews,"HS0009.jpg"""
"  ""498", Tide Ultra OXI Detergent 59 Loads,"DE0043.jpg""",,,,,
"  ""6001", Monster Energy Low Carb 10 Pack,"bcs0452.jpg""",,,,,
"  ""5693", River Queen Mixed Nuts,"No Image.jpg""",,,,,
"  ""6263", Fiji Natural Artesian Water,"bcs0598.jpg""",,,,,
"  ""5175", Dare Breton Black Bean With Onion \u0026 Garlic Gluten Free,"bcs0117.jpg""",,,,,
"  ""602", AngelSoft 4 Mega Bathroom Tissue,"DE0152.jpg""",,,,,
"  ""5421", Mini Nilla Wafers,"bcs0328.jpg""",,,,,
"  ""15471", Hersheys\u0027s Spooky Reeses Peanut Butter Cups,"HS0034.jpg""",,,,,
"  ""4224", Bom Petisco Choice Bone In Salted Codfish,"No Image.jpg""",,,,,
"  ""5179", Good Thins Parmesan and Garlic Rice Snacks Gluten Free,"bcs0120.jpg""",,,,,
"  ""6075", Canada Dry Ginger Ale Can,"bcs0497.jpg""",,,,,
"  ""7108", La Spagnola Safflower Oil,"No Image.jpg""",,,,,
"  ""4660", Gordon\u0027s Chesapeake Clam Broth Juice,"No Image.jpg""",,,,,
"  ""5172", Dare Grainsfirst Whole Grain Crackers,"bcs0114.jpg""",,,,,
"  ""5346", belVita Cranberry Orange Breakfast Biscuits,"bcs0253.jpg""",,,,,
"  ""5352", Austin Sandwich Crackers Peanut Butter on Toasty Crackers,"bcs0259.jpg""",,,,,
"  ""5920", Peet\u0027s Iced Espresso Black \u0026 White,"bcs0377.jpg""",,,,,
"  ""3495", Organic Broccoli Crowns,"f96.jpg""",,,,,
"  ""5892", Starbucks Doubleshot Espresso Cans 4 Pack,"bcs0349.jpg""",,,,,
"  ""6259", Essentia Water Purified Water,"bcs0595.jpg""",,,,,
"  ""6522", Sunmaid California Sun-dried Raisins,"bcs0786.jpg""",,,,,
"  ""4963", Sun Chips 100% Whole Grain Original French Onion,"bcs0042.jpg""",,,,,
"  ""4043", 85% Lean Beef Burgers,"No Image.jpg""",,,,,
"  ""5343", belVita Soft Filled Strawberry,"bcs0250.jpg""",,,,,
"  ""8716", Calavo Guacamole, Spicy,"No Image.jpg""",,,,
"  ""5949", Mr \u0026 Mrs T Sweet \u0026 Sour Mix,"bcs0406.jpg""",,,,,
"  ""4357", Leidy\u0027s Hardwood Smoked Ham Grill Steak,"No Image.jpg""",,,,,
"  ""6239", Fever-Tree Elderflower Tonic Water,"bcs0585.jpg""",,,,,
"  ""6240", Fever-Tree Premium Indian Tonic Water,"bcs0586.jpg""",,,,,
"  ""6355", Polar Zero Sugar Ginger Ale Soda,"bcs0666.jpg""",,,,,
"  ""3946", Terrific Trio Mini Potatoes,"f265.jpg""",,,,,
"  ""4883", Lay\u0027s Poppables Honey Bbq Crispy Potato Bites,"bcs0023.jpg""",,,,,
"  ""4856", Frito Lay\u0027s Flavor Mix Party Size 28 Pack,"bcs0013.jpg""",,,,,
"  ""15467", Tootsie Fruit Chews Assorted Fruit Rolls,"HS0030.jpg""",,,,,
"  ""15490", Skittles Original Fun Size,"HS0053.jpg""",,,,,
"  ""15475", Wonka Mixups - Laffy Taffy, Bottle Caps, Sweet Tarts, Nerds - 200 pieces,"HS0038.jpg""",,
"  ""4962", Sun Chips 100% Whole Grain Original Sweet Potato \u0026 Brown Sugar,"bcs0041.jpg""",,,,,
"  ""15476", Charlestown Chew Vanilla Flavored,"HS0039.jpg""",,,,,
"  ""6201", 7 Up Diet Lemon Lime Box of Cans,"bcs0556.jpg""",,,,,
"  ""15465", Mars Candy 80 count,"HS0028.jpg""",,,,,
"  ""626", Scotties Pocket Pack Ultra Plush,"DE0146.jpg""",,,,,
"  ""7372", Olde Thompson Adjustable Grinder Black Peppercorn,"No Image.jpg""",,,,,
"  ""553", Cheer colorguard Detergent 64 Loads,"DE0093.jpg""",,,,,
"  ""4882", Lay\u0027s Poppables Sea Salt \u0026 Vinegar Crispy Potato Bites,"bcs0022.jpg""",,,,,
"  ""5027", Wise Popcorn White Cheddar,"bcs0070.jpg""",,,,,
"  ""5303", Keebler Animal Cookies Frosted Fully Frosted Shortbread Animal Shapes,"bcs0210.jpg""",,,,,
"  ""5953", Mr \u0026 Mrs T Original Margarita Mix,"bcs0410.jpg""",,,,,
"  ""5886", Dunkin\u0027 Donuts Cold Brew Coffee Midnight Black,"bcs0343.jpg""",,,,,
"  ""520", Arm \u0026 Hammer Plus the Power of OxiClean Stain Fighters Sparkling Waters Laundry Detergent,"DE0060.jpg""",,,,,
"  ""5895", Starbucks Tripleshot Energy Dark Roast,"bcs0352.jpg""",,,,,
"  ""13799", Sargento Reduced Fat Mozzarella Shredded Cheese,"169.jpg""",,,,,
"  ""5917", Starbucks Iced Espresso Caffe Latte,"bcs0374.jpg""",,,,,
"  ""6247", Canada Dry Tonic Water,"bcs0592.jpg""",,,,,
"  ""15501", Nestle Toll House Ghoul\u0027s Mix Sugar Cookie Dough topped with haloween sprinkles,"HS0064.jpg""",,,,,
"  ""5957", Mr \u0026 Mrs T Original Bloody Mary Mix,"bcs0414.jpg""",,,,,
"  ""4335", Thin \u0027n Trim Roast Beef,"No Image.jpg""",,,,,
"  ""491", Tide Simply Clean\u0026 Fresh Daybreak Fresh 89 Loads Laundry Detergent,"DE0036.jpg""",,,,,
"  ""533", all stainlifters original 4 in 1 mighty pacs Laundry Detergent,"DE0073.jpg""",,,,,
"  ""6268", Glaceau Vapor Distilled Premium Water Bottle,"bcs0602.jpg""",,,,,
"  ""6421", Quaker Apple Cinnamon Rice Cake,"bcs0712.jpg""",,,,,
"  ""4526", Smithfield Sliced Hickory Smoked Boneless Ham,"No Image.jpg""",,,,,
"  ""6481", River Queen Unsalted Peanuts,"bcs0745.jpg""",,,,,
"  ""464", Sun Triple Clean plus OXI original fresh 117 medium loads laundry detergent,"DE0009.jpg""",,,,,
],,,,,,,
