"mtid","pid","meta_title","meta_description","meta_keywords","created_at","updated_at"
"2","4837",NULL,"Enter Meta Description","Enter Meta Keywords","2020-08-31 21:11:36",NULL
"3","9625",NULL,"Enter Meta Description","Enter Meta Keywords","2020-09-06 20:26:11",NULL
"4","3630",NULL,"Enter Meta Description","Enter Meta Keywords","2020-09-10 17:03:46",NULL
"7","4285",NULL,"Enter Meta Description","Enter Meta Keywords","2020-09-11 13:44:00",NULL
"9","4279",NULL,"Enter Meta Description","Enter Meta Keywords","2020-09-11 13:49:16",NULL
"11","4280",NULL,"Enter Meta Description","Enter Meta Keywords","2020-09-11 13:50:37",NULL
"13","4290",NULL,"Enter Meta Description","Enter Meta Keywords","2020-09-11 13:56:13",NULL
"14","4210",NULL,"Enter Meta Description","Enter Meta Keywords","2020-09-11 13:57:52",NULL
"16","4122",NULL,"Enter Meta Description","Enter Meta Keywords","2020-09-11 14:05:42",NULL
"18","12676",NULL,"Enter Meta Description","Enter Meta Keywords","2020-09-11 14:19:49",NULL
"19","12675",NULL,"Enter Meta Description","Enter Meta Keywords","2020-09-11 14:21:50",NULL
"20","12677",NULL,"Enter Meta Description","Enter Meta Keywords","2020-09-11 14:23:32",NULL
"21","12816",NULL,"Enter Meta Description","Enter Meta Keywords","2020-09-11 14:24:06",NULL
"22","12874",NULL,"Enter Meta Description","Enter Meta Keywords","2020-09-11 14:31:25",NULL
"23","12872",NULL,"Enter Meta Description","Enter Meta Keywords","2020-09-11 14:33:10",NULL
"24","12869",NULL,"Enter Meta Description","Enter Meta Keywords","2020-09-11 14:33:32",NULL
"25","12863",NULL,"Enter Meta Description","Enter Meta Keywords","2020-09-11 14:34:35",NULL
"26","12868",NULL,"Enter Meta Description","Enter Meta Keywords","2020-09-11 14:35:30",NULL
"27","12860",NULL,"Enter Meta Description","Enter Meta Keywords","2020-09-11 14:37:49",NULL
"28","12858",NULL,"Enter Meta Description","Enter Meta Keywords","2020-09-11 14:38:12",NULL
"29","12783",NULL,"Enter Meta Description","Enter Meta Keywords","2020-09-11 14:40:16",NULL
"30","12715",NULL,"Enter Meta Description","Enter Meta Keywords","2020-09-11 14:43:14",NULL
"31","9920",NULL,"Enter Meta Description","Enter Meta Keywords","2020-09-11 14:46:05",NULL
"32","9305",NULL,"Enter Meta Description","Enter Meta Keywords","2020-09-11 14:51:03",NULL
"33","12892",NULL,"Enter Meta Description","Enter Meta Keywords","2020-09-11 14:54:03",NULL
"34","4056",NULL,"Enter Meta Description","Enter Meta Keywords","2020-09-11 14:57:34",NULL
"35","4167",NULL,"Enter Meta Description","Enter Meta Keywords","2020-09-11 14:58:32",NULL
"36","12842",NULL,"Enter Meta Description","Enter Meta Keywords","2020-09-11 15:09:19",NULL
"37","12832",NULL,"Enter Meta Description","Enter Meta Keywords","2020-09-11 15:13:19",NULL
"38","12827",NULL,"Enter Meta Description","Enter Meta Keywords","2020-09-11 15:14:59",NULL
"39","4051",NULL,"Enter Meta Description","Enter Meta Keywords","2020-09-11 15:33:15",NULL
"40","4363",NULL,"Enter Meta Description","Enter Meta Keywords","2020-09-11 15:33:31",NULL
"42","4173",NULL,"Enter Meta Description","Enter Meta Keywords","2020-09-11 15:41:20",NULL
"43","4095",NULL,"Enter Meta Description","Enter Meta Keywords","2020-09-11 15:42:26",NULL
"45","4048",NULL,"Enter Meta Description","Enter Meta Keywords","2020-09-11 15:52:10",NULL
"46","9211",NULL,"Enter Meta Description","Enter Meta Keywords","2020-09-11 15:57:17",NULL
"48","9213",NULL,"Enter Meta Description","Enter Meta Keywords","2020-09-11 15:59:45",NULL
"49","9214",NULL,"Enter Meta Description","Enter Meta Keywords","2020-09-11 16:01:09",NULL
"50","9215",NULL,"Enter Meta Description","Enter Meta Keywords","2020-09-11 16:06:00",NULL
"51","4747",NULL,"Enter Meta Description","Enter Meta Keywords","2020-09-11 16:06:43",NULL
"52","4749",NULL,"Enter Meta Description","Enter Meta Keywords","2020-09-11 16:14:37",NULL
"53","4750",NULL,"Enter Meta Description","Enter Meta Keywords","2020-09-11 16:15:06",NULL
"56","374",NULL,"Enter Meta Description","Enter Meta Keywords","2020-09-11 16:30:03",NULL
"58","3695",NULL,"Enter Meta Description","Enter Meta Keywords","2020-09-11 18:32:43",NULL
"59","3470",NULL,"Enter Meta Description","Enter Meta Keywords","2020-09-11 18:33:15",NULL
"60","13512",NULL,"Enter Meta Description","Enter Meta Keywords","2020-09-11 18:38:47",NULL
"61","13513",NULL,"Enter Meta Description","Enter Meta Keywords","2020-09-11 18:39:20",NULL
"62","13514",NULL,"Enter Meta Description","Enter Meta Keywords","2020-09-11 18:39:55",NULL
"63","13451",NULL,"Enter Meta Description","Enter Meta Keywords","2020-09-11 18:40:30",NULL
"70","5585",NULL,"Enter Meta Description","Enter Meta Keywords","2020-09-11 19:17:15",NULL
"71","5586",NULL,"Enter Meta Description","Enter Meta Keywords","2020-09-11 19:18:49",NULL
"72","5600",NULL,"Enter Meta Description","Enter Meta Keywords","2020-09-11 19:20:48",NULL
"73","5680",NULL,"Enter Meta Description","Enter Meta Keywords","2020-09-11 19:22:58",NULL
"74","5673",NULL,"Enter Meta Description","Enter Meta Keywords","2020-09-11 19:25:09",NULL
"75","5675",NULL,"Enter Meta Description","Enter Meta Keywords","2020-09-11 19:25:37",NULL
"76","5679",NULL,"Enter Meta Description","Enter Meta Keywords","2020-09-11 19:26:03",NULL
"77","5584",NULL,"Enter Meta Description","Enter Meta Keywords","2020-09-11 19:28:38",NULL
"78","5582",NULL,"Enter Meta Description","Enter Meta Keywords","2020-09-11 19:29:54",NULL
"79","5583",NULL,"Enter Meta Description","Enter Meta Keywords","2020-09-11 19:32:10",NULL
"83","3995",NULL,"Enter Meta Description","Enter Meta Keywords","2020-09-11 20:23:20",NULL
"84","4030",NULL,"Enter Meta Description","Enter Meta Keywords","2020-09-11 20:25:40",NULL
"85","4024",NULL,"Enter Meta Description","Enter Meta Keywords","2020-09-11 20:26:55",NULL
"86","4031",NULL,"Enter Meta Description","Enter Meta Keywords","2020-09-11 20:27:40",NULL
"87","4032",NULL,"Enter Meta Description","Enter Meta Keywords","2020-09-11 20:28:20",NULL
"89","10644",NULL,"Enter Meta Description","Enter Meta Keywords","2020-09-11 21:03:03",NULL
"90","10641",NULL,"Enter Meta Description","Enter Meta Keywords","2020-09-11 21:03:46",NULL
"91","10637",NULL,"Enter Meta Description","Enter Meta Keywords","2020-09-11 21:12:14",NULL
"92","10642",NULL,"Enter Meta Description","Enter Meta Keywords","2020-09-11 21:50:41",NULL
"94","10643",NULL,"Enter Meta Description","Enter Meta Keywords","2020-09-11 22:04:27",NULL
"95","10640",NULL,"Enter Meta Description","Enter Meta Keywords","2020-09-11 22:05:30",NULL
"96","4570",NULL,"Enter Meta Description","Enter Meta Keywords","2020-09-12 14:09:27",NULL
"97","4569",NULL,"Enter Meta Description","Enter Meta Keywords","2020-09-12 14:10:16",NULL
"98","5614",NULL,"Enter Meta Description","Enter Meta Keywords","2020-09-12 15:37:55",NULL
"99","5613",NULL,"Enter Meta Description","Enter Meta Keywords","2020-09-12 15:38:29",NULL
"100","5612",NULL,"Enter Meta Description","Enter Meta Keywords","2020-09-12 15:39:01",NULL
"101","5611",NULL,"Enter Meta Description","Enter Meta Keywords","2020-09-12 15:39:25",NULL
"102","5610",NULL,"Enter Meta Description","Enter Meta Keywords","2020-09-12 15:39:41",NULL
"103","5616",NULL,"Enter Meta Description","Enter Meta Keywords","2020-09-12 15:40:06",NULL
"104","5615",NULL,"Enter Meta Description","Enter Meta Keywords","2020-09-12 15:40:30",NULL
"105","10649",NULL,"Enter Meta Description","Enter Meta Keywords","2020-09-12 15:43:28",NULL
"106","10652",NULL,"Enter Meta Description","Enter Meta Keywords","2020-09-12 15:45:08",NULL
"107","10645",NULL,"Enter Meta Description","Enter Meta Keywords","2020-09-12 15:52:36",NULL
"108","10647",NULL,"Enter Meta Description","Enter Meta Keywords","2020-09-12 15:53:59",NULL
"109","10654",NULL,"Enter Meta Description","Enter Meta Keywords","2020-09-12 15:57:59",NULL
"110","10655",NULL,"Enter Meta Description","Enter Meta Keywords","2020-09-12 15:59:12",NULL
"111","10658",NULL,"Enter Meta Description","Enter Meta Keywords","2020-09-12 16:00:08",NULL
"112","10659",NULL,"Enter Meta Description","Enter Meta Keywords","2020-09-12 16:00:22",NULL
"113","10656",NULL,"Enter Meta Description","Enter Meta Keywords","2020-09-12 16:04:12",NULL
"115","10651",NULL,"Enter Meta Description","Enter Meta Keywords","2020-09-12 16:12:05",NULL
"116","10650",NULL,"Enter Meta Description","Enter Meta Keywords","2020-09-12 16:22:51",NULL
"117","10646",NULL,"Enter Meta Description","Enter Meta Keywords","2020-09-12 16:27:24",NULL
"118","10588",NULL,"Enter Meta Description","Enter Meta Keywords","2020-09-12 16:40:49",NULL
"120","10590",NULL,"Enter Meta Description","Enter Meta Keywords","2020-09-12 16:44:53",NULL
"121","10635",NULL,"Enter Meta Description","Enter Meta Keywords","2020-09-12 17:05:43",NULL
"122","10636",NULL,"Enter Meta Description","Enter Meta Keywords","2020-09-12 17:05:57",NULL
"123","10584",NULL,"Enter Meta Description","Enter Meta Keywords","2020-09-12 17:14:00",NULL
"124","10582",NULL,"Enter Meta Description","Enter Meta Keywords","2020-09-12 17:14:11",NULL
"125","10583",NULL,"Enter Meta Description","Enter Meta Keywords","2020-09-12 17:14:22",NULL
"126","10581",NULL,"Enter Meta Description","Enter Meta Keywords","2020-09-12 17:20:09",NULL
"127","10580",NULL,"Enter Meta Description","Enter Meta Keywords","2020-09-12 17:20:27",NULL
"128","14278",NULL,"Enter Meta Description","Enter Meta Keywords","2020-09-12 17:22:29",NULL
"129","14279",NULL,"Enter Meta Description","Enter Meta Keywords","2020-09-12 17:23:30",NULL
"130","10595",NULL,"Enter Meta Description","Enter Meta Keywords","2020-09-12 17:32:06",NULL
"131","10600",NULL,"Enter Meta Description","Enter Meta Keywords","2020-09-12 17:32:16",NULL
"132","10596",NULL,"Enter Meta Description","Enter Meta Keywords","2020-09-12 17:32:28",NULL
"133","10598",NULL,"Enter Meta Description","Enter Meta Keywords","2020-09-12 17:32:38",NULL
"134","13957",NULL,"Enter Meta Description","Enter Meta Keywords","2020-09-12 17:42:51",NULL
"135","13960",NULL,"Enter Meta Description","Enter Meta Keywords","2020-09-12 17:43:50",NULL
"136","13965",NULL,"Enter Meta Description","Enter Meta Keywords","2020-09-12 17:44:37",NULL
"137","13759",NULL,"Enter Meta Description","Enter Meta Keywords","2020-09-12 17:46:58",NULL
"138","13769",NULL,"Enter Meta Description","Enter Meta Keywords","2020-09-12 17:47:36",NULL
"139","13764",NULL,"Enter Meta Description","Enter Meta Keywords","2020-09-12 17:48:03",NULL
"140","13762",NULL,"Enter Meta Description","Enter Meta Keywords","2020-09-12 17:49:19",NULL
"141","13761",NULL,"Enter Meta Description","Enter Meta Keywords","2020-09-12 17:49:41",NULL
"142","13954",NULL,"Enter Meta Description","Enter Meta Keywords","2020-09-12 17:50:14",NULL
"143","13964",NULL,"Enter Meta Description","Enter Meta Keywords","2020-09-12 17:50:36",NULL
"144","3633",NULL,"Enter Meta Description","Enter Meta Keywords","2020-09-13 00:02:06",NULL
"145","3530",NULL,"Enter Meta Description","Enter Meta Keywords","2020-09-13 00:03:31",NULL
"146","126",NULL,"Enter Meta Description","Enter Meta Keywords","2020-09-15 12:57:42",NULL
"147","146",NULL,"Enter Meta Description","Enter Meta Keywords","2020-09-15 12:59:11",NULL
"148","147",NULL,"Enter Meta Description","Enter Meta Keywords","2020-09-15 12:59:26",NULL
"151","4563",NULL,"Enter Meta Description","Enter Meta Keywords","2020-09-15 13:03:30",NULL
"152","4562",NULL,"Enter Meta Description","Enter Meta Keywords","2020-09-15 13:03:44",NULL
"153","13456",NULL,"Enter Meta Description","Enter Meta Keywords","2020-09-15 13:06:19",NULL
"154","13457",NULL,"Enter Meta Description","Enter Meta Keywords","2020-09-15 13:06:35",NULL
"155","13458",NULL,"Enter Meta Description","Enter Meta Keywords","2020-09-15 13:07:03",NULL
"156","13459",NULL,"Enter Meta Description","Enter Meta Keywords","2020-09-15 13:07:22",NULL
"157","13460",NULL,"Enter Meta Description","Enter Meta Keywords","2020-09-15 13:07:41",NULL
"158","13344",NULL,"Enter Meta Description","Enter Meta Keywords","2020-09-15 13:08:02",NULL
"159","3483",NULL,"Enter Meta Description","Enter Meta Keywords","2020-09-15 13:10:01",NULL
"162","611",NULL,"Enter Meta Description","Enter Meta Keywords","2020-09-16 14:55:31",NULL
"163","8335",NULL,"Enter Meta Description","Enter Meta Keywords","2020-09-16 14:57:17",NULL
"164","8336",NULL,"Enter Meta Description","Enter Meta Keywords","2020-09-16 14:57:32",NULL
"165","8337",NULL,"Enter Meta Description","Enter Meta Keywords","2020-09-16 14:57:46",NULL
"166","8338",NULL,"Enter Meta Description","Enter Meta Keywords","2020-09-16 14:58:09",NULL
"167","8340",NULL,"Enter Meta Description","Enter Meta Keywords","2020-09-16 14:58:25",NULL
"168","15267",NULL,"Enter Meta Description","Enter Meta Keywords","2020-09-17 00:33:51",NULL
"169","3452",NULL,"Enter Meta Description","Enter Meta Keywords","2020-09-17 00:36:02",NULL
"170","3656",NULL,"Enter Meta Description","Enter Meta Keywords","2020-09-17 00:39:09",NULL
"173","3449",NULL,"Enter Meta Description","Enter Meta Keywords","2020-09-17 00:43:36",NULL
"174","3451",NULL,"Enter Meta Description","Enter Meta Keywords","2020-09-17 00:44:40",NULL
"176","3661",NULL,"Enter Meta Description","Enter Meta Keywords","2020-09-17 00:47:20",NULL
"178","3659",NULL,"Enter Meta Description","Enter Meta Keywords","2020-09-17 00:47:54",NULL
"179","4025",NULL,"Enter Meta Description","Enter Meta Keywords","2020-09-17 00:50:45",NULL
"180","4027",NULL,"Enter Meta Description","Enter Meta Keywords","2020-09-17 00:51:35",NULL
"181","9166",NULL,"Enter Meta Description","Enter Meta Keywords","2020-09-17 00:53:19",NULL
"182","9586",NULL,"Enter Meta Description","Enter Meta Keywords","2020-09-17 00:53:32",NULL
"183","9585",NULL,"Enter Meta Description","Enter Meta Keywords","2020-09-17 00:53:43",NULL
"184","9583",NULL,"Enter Meta Description","Enter Meta Keywords","2020-09-17 00:53:56",NULL
"185","4727",NULL,"Enter Meta Description","Enter Meta Keywords","2020-09-17 00:54:36",NULL
"186","5775",NULL,"Enter Meta Description","Enter Meta Keywords","2020-09-17 00:56:17",NULL
"187","4408",NULL,"Enter Meta Description","Enter Meta Keywords","2020-09-17 01:01:32",NULL
"188","4407",NULL,"Enter Meta Description","Enter Meta Keywords","2020-09-17 01:02:54",NULL
"190","5712",NULL,"Enter Meta Description","Enter Meta Keywords","2020-09-17 19:47:24",NULL
"191","5722",NULL,"Enter Meta Description","Enter Meta Keywords","2020-09-17 19:47:34",NULL
"192","5717",NULL,"Enter Meta Description","Enter Meta Keywords","2020-09-17 19:47:55",NULL
"193","13817",NULL,"Enter Meta Description","Enter Meta Keywords","2020-09-17 19:48:12",NULL
"194","5711",NULL,"Enter Meta Description","Enter Meta Keywords","2020-09-17 19:48:49",NULL
"195","214",NULL,"Enter Meta Description","Enter Meta Keywords","2020-09-17 20:41:07",NULL
"196","219",NULL,"Enter Meta Description","Enter Meta Keywords","2020-09-17 20:42:45",NULL
"197","223",NULL,"Enter Meta Description","Enter Meta Keywords","2020-09-17 20:43:16",NULL
"198","224",NULL,"Enter Meta Description","Enter Meta Keywords","2020-09-17 20:43:59",NULL
"199","121",NULL,"Enter Meta Description","Enter Meta Keywords","2020-09-17 20:45:01",NULL
"200","122",NULL,"Enter Meta Description","Enter Meta Keywords","2020-09-17 20:46:03",NULL
"201","123",NULL,"Enter Meta Description","Enter Meta Keywords","2020-09-17 20:48:44",NULL
"202","124",NULL,"Enter Meta Description","Enter Meta Keywords","2020-09-17 20:50:20",NULL
"203","125",NULL,"Enter Meta Description","Enter Meta Keywords","2020-09-17 20:50:54",NULL
"205","98",NULL,"Enter Meta Description","Enter Meta Keywords","2020-09-17 20:52:05",NULL
"206","99",NULL,"Enter Meta Description","Enter Meta Keywords","2020-09-17 20:52:37",NULL
"207","100",NULL,"Enter Meta Description","Enter Meta Keywords","2020-09-17 20:53:14",NULL
"208","107",NULL,"Enter Meta Description","Enter Meta Keywords","2020-09-17 20:54:17",NULL
"209","8075",NULL,"Enter Meta Description","Enter Meta Keywords","2020-09-17 20:59:21",NULL
"210","9613",NULL,"Enter Meta Description","Enter Meta Keywords","2020-09-17 21:00:11",NULL
"211","9946",NULL,"Enter Meta Description","Enter Meta Keywords","2020-09-17 21:01:24",NULL
"214","13689",NULL,"Enter Meta Description","Enter Meta Keywords","2020-09-17 21:07:00",NULL
"215","13668",NULL,"Enter Meta Description","Enter Meta Keywords","2020-09-17 21:08:51",NULL
"216","13897",NULL,"Enter Meta Description","Enter Meta Keywords","2020-09-17 21:10:37",NULL
"217","167",NULL,"Enter Meta Description","Enter Meta Keywords","2020-09-17 21:19:39",NULL
"218","8199",NULL,"Enter Meta Description","Enter Meta Keywords","2020-09-17 21:21:39",NULL
"219","58",NULL,"Enter Meta Description","Enter Meta Keywords","2020-09-17 21:22:11",NULL
"220","4498",NULL,"Enter Meta Description","Enter Meta Keywords","2020-09-17 21:22:41",NULL
"221","6772",NULL,"Enter Meta Description","Enter Meta Keywords","2020-09-17 21:23:17",NULL
"222","6758",NULL,"Enter Meta Description","Enter Meta Keywords","2020-09-17 21:23:43",NULL
"223","320",NULL,"Enter Meta Description","Enter Meta Keywords","2020-09-17 21:24:10",NULL
"224","10140",NULL,"Enter Meta Description","Enter Meta Keywords","2020-09-17 21:24:51",NULL
"225","5716",NULL,"Enter Meta Description","Enter Meta Keywords","2020-09-18 14:36:09",NULL
"226","5719",NULL,"Enter Meta Description","Enter Meta Keywords","2020-09-18 14:36:20",NULL
"227","9484",NULL,"Enter Meta Description","Enter Meta Keywords","2020-09-18 19:37:21",NULL
"228","10279",NULL,"Enter Meta Description","Enter Meta Keywords","2020-09-18 19:39:16",NULL
"229","6654",NULL,"Enter Meta Description","Enter Meta Keywords","2020-09-18 19:40:59",NULL
"230","3605",NULL,"Enter Meta Description","Enter Meta Keywords","2020-09-18 19:41:56",NULL
"231","3606",NULL,"Enter Meta Description","Enter Meta Keywords","2020-09-18 19:42:17",NULL
"232","3974",NULL,"Enter Meta Description","Enter Meta Keywords","2020-09-18 19:42:37",NULL
"233","6049",NULL,"Enter Meta Description","Enter Meta Keywords","2020-09-18 19:43:44",NULL
"234","7040",NULL,"Enter Meta Description","Enter Meta Keywords","2020-09-18 20:04:35",NULL
"236","5618",NULL,"Enter Meta Description","Enter Meta Keywords","2020-09-18 20:17:53",NULL
"237","9525",NULL,"Enter Meta Description","Enter Meta Keywords","2020-09-18 20:20:33",NULL
"240","3931",NULL,"Enter Meta Description","Enter Meta Keywords","2020-09-18 21:50:02",NULL
"244","3665",NULL,"Enter Meta Description","Enter Meta Keywords","2020-09-19 16:37:36",NULL
"245","8298",NULL,"Enter Meta Description","Enter Meta Keywords","2020-09-19 16:46:32",NULL
"246","8195",NULL,"Enter Meta Description","Enter Meta Keywords","2020-09-19 16:52:23",NULL
"247","7188",NULL,"Enter Meta Description","Enter Meta Keywords","2020-09-19 16:53:45",NULL
"248","3840",NULL,"Enter Meta Description","Enter Meta Keywords","2020-09-19 16:55:45",NULL
"249","3790",NULL,"Enter Meta Description","Enter Meta Keywords","2020-09-19 16:57:53",NULL
"250","4047",NULL,"Enter Meta Description","Enter Meta Keywords","2020-09-19 17:01:36",NULL
"251","4248",NULL,"Enter Meta Description","Enter Meta Keywords","2020-09-19 17:07:44",NULL
"252","3514",NULL,"Enter Meta Description","Enter Meta Keywords","2020-09-19 17:10:18",NULL
"253","3925",NULL,"Enter Meta Description","Enter Meta Keywords","2020-09-19 17:10:57",NULL
"254","3651",NULL,"Enter Meta Description","Enter Meta Keywords","2020-09-19 19:11:14",NULL
"255","5759",NULL,"Enter Meta Description","Enter Meta Keywords","2020-09-19 23:52:50",NULL
"257","5758",NULL,"Enter Meta Description","Enter Meta Keywords","2020-09-19 23:56:04",NULL
"258","5763",NULL,"Enter Meta Description","Enter Meta Keywords","2020-09-19 23:57:51",NULL
"259","5760",NULL,"Enter Meta Description","Enter Meta Keywords","2020-09-19 23:57:59",NULL
"260","5764",NULL,"Enter Meta Description","Enter Meta Keywords","2020-09-19 23:58:08",NULL
"261","5766",NULL,"Enter Meta Description","Enter Meta Keywords","2020-09-19 23:58:18",NULL
"262","5757",NULL,"Enter Meta Description","Enter Meta Keywords","2020-09-20 00:01:05",NULL
"263","5765",NULL,"Enter Meta Description","Enter Meta Keywords","2020-09-20 00:01:18",NULL
"264","5761",NULL,"Enter Meta Description","Enter Meta Keywords","2020-09-20 00:01:30",NULL
"265","5844",NULL,"Enter Meta Description","Enter Meta Keywords","2020-09-20 00:58:56",NULL
"266","5843",NULL,"Enter Meta Description","Enter Meta Keywords","2020-09-20 00:59:06",NULL
"267","5842",NULL,"Enter Meta Description","Enter Meta Keywords","2020-09-20 00:59:15",NULL
"268","5845",NULL,"Enter Meta Description","Enter Meta Keywords","2020-09-20 00:59:25",NULL
"269","5750",NULL,"Enter Meta Description","Enter Meta Keywords","2020-09-20 01:43:25",NULL
"270","5756",NULL,"Enter Meta Description","Enter Meta Keywords","2020-09-20 01:43:36",NULL
"271","5754",NULL,"Enter Meta Description","Enter Meta Keywords","2020-09-20 01:43:47",NULL
"272","5749",NULL,"Enter Meta Description","Enter Meta Keywords","2020-09-20 01:43:56",NULL
"273","5753",NULL,"Enter Meta Description","Enter Meta Keywords","2020-09-20 01:44:05",NULL
"274","5755",NULL,"Enter Meta Description","Enter Meta Keywords","2020-09-20 01:44:37",NULL
"276","5824",NULL,"Enter Meta Description","Enter Meta Keywords","2020-09-20 02:28:20",NULL
"277","5825",NULL,"Enter Meta Description","Enter Meta Keywords","2020-09-20 02:28:44",NULL
"278","5834",NULL,"Enter Meta Description","Enter Meta Keywords","2020-09-20 02:35:53",NULL
"279","5833",NULL,"Enter Meta Description","Enter Meta Keywords","2020-09-20 02:36:05",NULL
"280","5832",NULL,"Enter Meta Description","Enter Meta Keywords","2020-09-20 02:36:15",NULL
"281","5837",NULL,"Enter Meta Description","Enter Meta Keywords","2020-09-20 02:36:23",NULL
"287","10638",NULL,"Enter Meta Description","Enter Meta Keywords","2020-09-24 20:18:07",NULL
"288","4136",NULL,"Enter Meta Description","Enter Meta Keywords","2020-09-25 17:59:07",NULL
"289","68",NULL,"Enter Meta Description","Enter Meta Keywords","2020-09-25 18:01:17",NULL
"291","70",NULL,"Enter Meta Description","Enter Meta Keywords","2020-09-25 18:01:49",NULL
"292","71",NULL,"Enter Meta Description","Enter Meta Keywords","2020-09-25 18:02:06",NULL
"293","69",NULL,"Enter Meta Description","Enter Meta Keywords","2020-09-25 18:02:23",NULL
"294","13863",NULL,"Enter Meta Description","Enter Meta Keywords","2020-09-25 18:03:57",NULL
"297","13461",NULL,"Enter Meta Description","Enter Meta Keywords","2020-09-25 18:11:58",NULL
"298","13539",NULL,"Enter Meta Description","Enter Meta Keywords","2020-09-25 18:13:12",NULL
"299","4060",NULL,"Enter Meta Description","Enter Meta Keywords","2020-09-25 20:41:00",NULL
"300","13793",NULL,"Enter Meta Description","Enter Meta Keywords","2020-09-26 16:16:11",NULL
"301","10249",NULL,"Enter Meta Description","Enter Meta Keywords","2020-09-26 16:17:34",NULL
"303","9368",NULL,"Enter Meta Description","Enter Meta Keywords","2020-09-26 16:26:47",NULL
"304","3771",NULL,"Enter Meta Description","Enter Meta Keywords","2020-09-26 16:27:59",NULL
"305","3802",NULL,"Enter Meta Description","Enter Meta Keywords","2020-09-26 16:28:37",NULL
"306","5487",NULL,"Enter Meta Description","Enter Meta Keywords","2020-09-27 00:30:11",NULL
"307","5499",NULL,"Enter Meta Description","Enter Meta Keywords","2020-09-27 00:33:27",NULL
"308","5462",NULL,"Enter Meta Description","Enter Meta Keywords","2020-09-27 01:18:23",NULL
"310","81",NULL,"Enter Meta Description","Enter Meta Keywords","2020-09-30 23:06:01",NULL
"311","4475",NULL,"Enter Meta Description","Enter Meta Keywords","2020-09-30 23:06:36",NULL
"312","9256",NULL,"Enter Meta Description","Enter Meta Keywords","2020-09-30 23:07:31",NULL
"313","9463",NULL,"Enter Meta Description","Enter Meta Keywords","2020-09-30 23:07:54",NULL
"314","9460",NULL,"Enter Meta Description","Enter Meta Keywords","2020-09-30 23:09:03",NULL
"315","14695",NULL,"Enter Meta Description","Enter Meta Keywords","2020-09-30 23:09:36",NULL
"316","15136",NULL,"Enter Meta Description","Enter Meta Keywords","2020-09-30 23:11:25",NULL
"317","9687",NULL,"Enter Meta Description","Enter Meta Keywords","2020-09-30 23:12:30",NULL
"318","4384",NULL,"Enter Meta Description","Enter Meta Keywords","2020-09-30 23:12:58",NULL
"319","3581",NULL,"Enter Meta Description","Enter Meta Keywords","2020-09-30 23:14:52",NULL
"320","4132",NULL,"Enter Meta Description","Enter Meta Keywords","2020-09-30 23:16:52",NULL
"321","13412",NULL,"Enter Meta Description","Enter Meta Keywords","2020-09-30 23:17:36",NULL
"322","6103",NULL,"Enter Meta Description","Enter Meta Keywords","2020-09-30 23:18:11",NULL
"323","13448",NULL,"Enter Meta Description","Enter Meta Keywords","2020-09-30 23:18:47",NULL
"324","6557",NULL,"Enter Meta Description","Enter Meta Keywords","2020-09-30 23:20:18",NULL
"325","6423",NULL,"Enter Meta Description","Enter Meta Keywords","2020-09-30 23:21:28",NULL
"326","4490",NULL,"Enter Meta Description","Enter Meta Keywords","2020-09-30 23:23:25",NULL
"327","5840",NULL,"Enter Meta Description","Enter Meta Keywords","2020-09-30 23:23:48",NULL
"328","5835",NULL,"Enter Meta Description","Enter Meta Keywords","2020-09-30 23:25:32",NULL
"329","7106",NULL,"Enter Meta Description","Enter Meta Keywords","2020-09-30 23:27:20",NULL
"330","8512",NULL,"Enter Meta Description","Enter Meta Keywords","2020-09-30 23:27:57",NULL
"331","5713",NULL,"Enter Meta Description","Enter Meta Keywords","2020-09-30 23:30:33",NULL
"332","94",NULL,"Enter Meta Description","Enter Meta Keywords","2020-09-30 23:31:39",NULL
"333","6637",NULL,"Enter Meta Description","Enter Meta Keywords","2020-09-30 23:34:55",NULL
"334","6646",NULL,"Enter Meta Description","Enter Meta Keywords","2020-09-30 23:35:20",NULL
"335","6645",NULL,"Enter Meta Description","Enter Meta Keywords","2020-09-30 23:35:39",NULL
"336","6644",NULL,"Enter Meta Description","Enter Meta Keywords","2020-09-30 23:36:21",NULL
"337","6643",NULL,"Enter Meta Description","Enter Meta Keywords","2020-09-30 23:36:40",NULL
"338","6642",NULL,"Enter Meta Description","Enter Meta Keywords","2020-09-30 23:37:07",NULL
"339","6641",NULL,"Enter Meta Description","Enter Meta Keywords","2020-09-30 23:37:49",NULL
"340","6640",NULL,"Enter Meta Description","Enter Meta Keywords","2020-09-30 23:38:06",NULL
"341","6639",NULL,"Enter Meta Description","Enter Meta Keywords","2020-09-30 23:38:23",NULL
"342","6638",NULL,"Enter Meta Description","Enter Meta Keywords","2020-09-30 23:38:42",NULL
"343","6636",NULL,"Enter Meta Description","Enter Meta Keywords","2020-09-30 23:39:03",NULL
"344","6635",NULL,"Enter Meta Description","Enter Meta Keywords","2020-09-30 23:42:05",NULL
"345","6634",NULL,"Enter Meta Description","Enter Meta Keywords","2020-09-30 23:42:50",NULL
"346","6633",NULL,"Enter Meta Description","Enter Meta Keywords","2020-09-30 23:43:17",NULL
"347","6632",NULL,"Enter Meta Description","Enter Meta Keywords","2020-09-30 23:43:40",NULL
"348","6613",NULL,"Enter Meta Description","Enter Meta Keywords","2020-09-30 23:44:08",NULL
"349","6612",NULL,"Enter Meta Description","Enter Meta Keywords","2020-09-30 23:44:32",NULL
"350","6611",NULL,"Enter Meta Description","Enter Meta Keywords","2020-09-30 23:46:24",NULL
"351","5798",NULL,"Enter Meta Description","Enter Meta Keywords","2020-09-30 23:46:56",NULL
"352","3660",NULL,"Enter Meta Description","Enter Meta Keywords","2020-09-30 23:50:35",NULL
"353","9975",NULL,"Enter Meta Description","Enter Meta Keywords","2020-09-30 23:51:48",NULL
"354","5839",NULL,"Enter Meta Description","Enter Meta Keywords","2020-09-30 23:55:50",NULL
"355","5838",NULL,"Enter Meta Description","Enter Meta Keywords","2020-09-30 23:56:25",NULL
"356","15320",NULL,"Enter Meta Description","Enter Meta Keywords","2020-09-30 23:57:15",NULL
"357","15212",NULL,"Enter Meta Description","Enter Meta Keywords","2020-09-30 23:57:32",NULL
"359","14829",NULL,"Enter Meta Description","Enter Meta Keywords","2020-10-01 00:00:06",NULL
"361","13452",NULL,"Enter Meta Description","Enter Meta Keywords","2020-10-03 20:49:30",NULL
"362","13515",NULL,"Enter Meta Description","Enter Meta Keywords","2020-10-03 20:53:15",NULL
"363","7304",NULL,"Enter Meta Description","Enter Meta Keywords","2020-10-03 20:54:10",NULL
"364","6232",NULL,"Enter Meta Description","Enter Meta Keywords","2020-10-03 20:55:05",NULL
"367","10507",NULL,"Enter Meta Description","Enter Meta Keywords","2020-10-06 22:39:03",NULL
"369","225",NULL,"Enter Meta Description","Enter Meta Keywords","2020-10-06 22:39:52",NULL
"370","3721",NULL,"Enter Meta Description","Enter Meta Keywords","2020-10-06 22:43:12",NULL
"371","3723",NULL,"Enter Meta Description","Enter Meta Keywords","2020-10-06 22:44:02",NULL
"374","3724",NULL,"Enter Meta Description","Enter Meta Keywords","2020-10-06 22:46:24",NULL
"375","3719",NULL,"Enter Meta Description","Enter Meta Keywords","2020-10-06 22:46:54",NULL
"377","3725",NULL,"Enter Meta Description","Enter Meta Keywords","2020-10-06 22:48:08",NULL
"378","3727",NULL,"Enter Meta Description","Enter Meta Keywords","2020-10-06 22:48:58",NULL
"379","3722",NULL,"Enter Meta Description","Enter Meta Keywords","2020-10-06 22:50:17",NULL
"380","3717",NULL,"Enter Meta Description","Enter Meta Keywords","2020-10-06 22:51:13",NULL
"381","3728",NULL,"Enter Meta Description","Enter Meta Keywords","2020-10-06 22:53:58",NULL
"382","3718",NULL,"Enter Meta Description","Enter Meta Keywords","2020-10-06 22:54:50",NULL
"383","3720",NULL,"Enter Meta Description","Enter Meta Keywords","2020-10-06 22:55:15",NULL
"384","3726",NULL,"Enter Meta Description","Enter Meta Keywords","2020-10-06 22:55:40",NULL
"385","14831",NULL,"Enter Meta Description","Enter Meta Keywords","2020-10-06 22:58:22",NULL
"386","15133",NULL,"Enter Meta Description","Enter Meta Keywords","2020-10-06 22:58:52",NULL
"387","6048",NULL,"Enter Meta Description","Enter Meta Keywords","2020-10-06 23:00:05",NULL
"388","9115",NULL,"Enter Meta Description","Enter Meta Keywords","2020-10-06 23:00:23",NULL
"389","4593",NULL,"Enter Meta Description","Enter Meta Keywords","2020-10-06 23:01:26",NULL
"390","10594",NULL,"Enter Meta Description","Enter Meta Keywords","2020-10-06 23:02:12",NULL
"391","15113",NULL,"Enter Meta Description","Enter Meta Keywords","2020-10-06 23:03:32",NULL
"392","62",NULL,"Enter Meta Description","Enter Meta Keywords","2020-10-06 23:04:11",NULL
"394","13339",NULL,"Enter Meta Description","Enter Meta Keywords","2020-10-06 23:05:37",NULL
"395","4224",NULL,"Enter Meta Description","Enter Meta Keywords","2020-10-06 23:08:12",NULL
"396","13697",NULL,"Enter Meta Description","Enter Meta Keywords","2020-10-06 23:08:38",NULL
"397","13788",NULL,"Enter Meta Description","Enter Meta Keywords","2020-10-06 23:09:19",NULL
"398","117",NULL,"Enter Meta Description","Enter Meta Keywords","2020-10-06 23:10:28",NULL
"399","13407",NULL,"Enter Meta Description","Enter Meta Keywords","2020-10-06 23:12:34",NULL
"400","6087",NULL,"Enter Meta Description","Enter Meta Keywords","2020-10-06 23:15:42",NULL
"401","10235",NULL,"Enter Meta Description","Enter Meta Keywords","2020-10-06 23:16:15",NULL
"402","10234",NULL,"Enter Meta Description","Enter Meta Keywords","2020-10-06 23:17:02",NULL
"403","10341",NULL,"Enter Meta Description","Enter Meta Keywords","2020-10-06 23:19:53",NULL
"404","10327",NULL,"Enter Meta Description","Enter Meta Keywords","2020-10-06 23:21:17",NULL
"405","9152",NULL,"Enter Meta Description","Enter Meta Keywords","2020-10-06 23:21:49",NULL
"406","5726",NULL,"Enter Meta Description","Enter Meta Keywords","2020-10-06 23:21:54",NULL
"407","9019",NULL,"Enter Meta Description","Enter Meta Keywords","2020-10-06 23:22:03",NULL
"408","9018",NULL,"Enter Meta Description","Enter Meta Keywords","2020-10-06 23:22:08",NULL
"409","14017",NULL,"Enter Meta Description","Enter Meta Keywords","2020-10-06 23:22:14",NULL
"410","14006",NULL,"Enter Meta Description","Enter Meta Keywords","2020-10-06 23:22:53",NULL
"411","4721",NULL,"Enter Meta Description","Enter Meta Keywords","2020-10-06 23:24:09",NULL
"415","14488",NULL,"Enter Meta Description","Enter Meta Keywords","2020-10-07 22:55:25",NULL
"416","13573",NULL,"Enter Meta Description","Enter Meta Keywords","2020-10-07 22:58:14",NULL
"417","9270",NULL,"Enter Meta Description","Enter Meta Keywords","2020-10-07 22:59:11",NULL
"418","10355",NULL,"Enter Meta Description","Enter Meta Keywords","2020-10-07 22:59:58",NULL
"419","10639",NULL,"Enter Meta Description","Enter Meta Keywords","2020-10-07 23:01:55",NULL
"420","9694",NULL,"Enter Meta Description","Enter Meta Keywords","2020-10-07 23:02:42",NULL
"421","10373",NULL,"Enter Meta Description","Enter Meta Keywords","2020-10-07 23:03:20",NULL
"422","9135",NULL,"Enter Meta Description","Enter Meta Keywords","2020-10-07 23:04:09",NULL
"423","4379",NULL,"Enter Meta Description","Enter Meta Keywords","2020-10-13 01:53:36",NULL
"424","13093",NULL,"Enter Meta Description","Enter Meta Keywords","2020-10-13 01:55:02",NULL
"425","13704",NULL,"Enter Meta Description","Enter Meta Keywords","2020-10-13 01:57:15",NULL
"426","8108",NULL,"Enter Meta Description","Enter Meta Keywords","2020-10-13 01:58:04",NULL
"427","8110",NULL,"Enter Meta Description","Enter Meta Keywords","2020-10-13 01:59:50",NULL
"428","9526",NULL,"Enter Meta Description","Enter Meta Keywords","2020-10-13 02:00:37",NULL
"429","12820",NULL,"Enter Meta Description","Enter Meta Keywords","2020-10-13 02:02:00",NULL
"430","6558",NULL,"Enter Meta Description","Enter Meta Keywords","2020-10-13 02:03:18",NULL
"431","9519",NULL,"Enter Meta Description","Enter Meta Keywords","2020-10-13 02:09:06",NULL
"432","3644",NULL,"Enter Meta Description","Enter Meta Keywords","2020-10-13 02:11:35",NULL
"433","14311",NULL,"Enter Meta Description","Enter Meta Keywords","2020-10-13 02:13:57",NULL
"434","10559",NULL,"Enter Meta Description","Enter Meta Keywords","2020-10-13 02:15:55",NULL
"435","8320",NULL,"Enter Meta Description","Enter Meta Keywords","2020-10-13 02:17:40",NULL
"436","5358",NULL,"Enter Meta Description","Enter Meta Keywords","2020-10-13 02:19:05",NULL
"437","9202",NULL,"Enter Meta Description","Enter Meta Keywords","2020-10-13 02:21:31",NULL
"438","3667",NULL,"Enter Meta Description","Enter Meta Keywords","2020-10-13 02:22:56",NULL
"440","4854",NULL,"Enter Meta Description","Enter Meta Keywords","2020-10-13 02:29:24",NULL
"441","14989",NULL,"Enter Meta Description","Enter Meta Keywords","2020-10-13 02:31:41",NULL
"442","15095",NULL,"Enter Meta Description","Enter Meta Keywords","2020-10-13 02:32:08",NULL
"443","630",NULL,"Enter Meta Description","Enter Meta Keywords","2020-10-13 02:33:56",NULL
"444","12821",NULL,"Enter Meta Description","Enter Meta Keywords","2020-10-13 02:36:13",NULL
"445","9255",NULL,"Enter Meta Description","Enter Meta Keywords","2020-10-13 02:38:00",NULL
"446","4339",NULL,"Enter Meta Description","Enter Meta Keywords","2020-10-13 02:41:11",NULL
"447","6864",NULL,"Enter Meta Description","Enter Meta Keywords","2020-10-13 02:44:27",NULL
"448","6293",NULL,"Enter Meta Description","Enter Meta Keywords","2020-10-13 02:44:57",NULL
"449","59",NULL,"Enter Meta Description","Enter Meta Keywords","2020-10-13 02:45:55",NULL
"450","14681",NULL,"Enter Meta Description","Enter Meta Keywords","2020-10-13 02:46:47",NULL
"451","10148",NULL,"Enter Meta Description","Enter Meta Keywords","2020-10-13 02:47:41",NULL
"452","10221",NULL,"Enter Meta Description","Enter Meta Keywords","2020-10-13 02:48:32",NULL
"453","4044",NULL,"Enter Meta Description","Enter Meta Keywords","2020-10-13 02:50:05",NULL
"454","193",NULL,"Enter Meta Description","Enter Meta Keywords","2020-10-13 02:51:56",NULL
"455","162",NULL,"Enter Meta Description","Enter Meta Keywords","2020-10-13 02:52:19",NULL
"456","3960",NULL,"Enter Meta Description","Enter Meta Keywords","2020-10-13 02:54:45",NULL
"457","3694",NULL,"Enter Meta Description","Enter Meta Keywords","2020-10-13 02:58:09",NULL
"458","3448",NULL,"Enter Meta Description","Enter Meta Keywords","2020-10-13 02:58:42",NULL
"459","5292",NULL,"Enter Meta Description","Enter Meta Keywords","2020-10-13 03:01:26",NULL
"460","14789",NULL,"Enter Meta Description","Enter Meta Keywords","2020-10-13 03:27:33",NULL
"461","9240",NULL,"Enter Meta Description","Enter Meta Keywords","2020-10-13 03:29:04",NULL
"462","14493",NULL,"Enter Meta Description","Enter Meta Keywords","2020-10-13 03:30:26",NULL
"463","3592",NULL,"Enter Meta Description","Enter Meta Keywords","2020-10-13 03:32:14",NULL
"464","9939",NULL,"Enter Meta Description","Enter Meta Keywords","2020-10-13 03:34:20",NULL
"465","9959",NULL,"Enter Meta Description","Enter Meta Keywords","2020-10-13 03:34:48",NULL
"466","14572",NULL,"Enter Meta Description","Enter Meta Keywords","2020-10-13 03:36:23",NULL
"467","3716",NULL,"Enter Meta Description","Enter Meta Keywords","2020-10-13 03:36:44",NULL
"468","3467",NULL,"Enter Meta Description","Enter Meta Keywords","2020-10-13 03:37:52",NULL
"469","3921",NULL,"Enter Meta Description","Enter Meta Keywords","2020-10-13 03:38:52",NULL
"470","5236",NULL,"Enter Meta Description","Enter Meta Keywords","2020-10-15 14:09:47",NULL
"471","5237",NULL,"Enter Meta Description","Enter Meta Keywords","2020-10-15 14:10:05",NULL
"472","6128",NULL,"Enter Meta Description","Enter Meta Keywords","2020-10-15 16:42:45",NULL
"473","12747",NULL,"Enter Meta Description","Enter Meta Keywords","2020-10-15 18:28:53",NULL
"474","15466",NULL,"Enter Meta Description","Enter Meta Keywords","2020-10-19 14:05:21",NULL
"475","15474",NULL,"Enter Meta Description","Enter Meta Keywords","2020-10-19 19:43:22",NULL
"476","15494",NULL,"Enter Meta Description","Enter Meta Keywords","2020-10-20 19:45:50",NULL
"477","15486",NULL,"Enter Meta Description","Enter Meta Keywords","2020-10-20 19:46:03",NULL
"478","15487",NULL,"Enter Meta Description","Enter Meta Keywords","2020-10-20 19:46:19",NULL
"479","15488",NULL,"Enter Meta Description","Enter Meta Keywords","2020-10-20 19:46:34",NULL
"480","15463",NULL,"Enter Meta Description","Enter Meta Keywords","2020-10-20 19:46:48",NULL
"481","15464",NULL,"Enter Meta Description","Enter Meta Keywords","2020-10-20 19:47:01",NULL
"482","15465",NULL,"Enter Meta Description","Enter Meta Keywords","2020-10-20 19:48:35",NULL
"483","15475",NULL,"Enter Meta Description","Enter Meta Keywords","2020-10-20 19:48:47",NULL
"484","15467",NULL,"Enter Meta Description","Enter Meta Keywords","2020-10-20 19:48:56",NULL
"485","15443",NULL,"Enter Meta Description","Enter Meta Keywords","2020-10-20 19:49:07",NULL
"486","15459",NULL,"Enter Meta Description","Enter Meta Keywords","2020-10-20 19:55:31",NULL
"487","15444",NULL,"Enter Meta Description","Enter Meta Keywords","2020-10-20 19:55:43",NULL
"488","15452",NULL,"Enter Meta Description","Enter Meta Keywords","2020-10-20 19:55:55",NULL
"489","15460",NULL,"Enter Meta Description","Enter Meta Keywords","2020-10-20 19:56:13",NULL
"490","15445",NULL,"Enter Meta Description","Enter Meta Keywords","2020-10-20 19:56:25",NULL
"491","15453",NULL,"Enter Meta Description","Enter Meta Keywords","2020-10-20 19:56:40",NULL
"492","15438",NULL,"Enter Meta Description","Enter Meta Keywords","2020-10-20 20:01:29",NULL
"493","15455",NULL,"Enter Meta Description","Enter Meta Keywords","2020-10-20 20:01:39",NULL
"494","15456",NULL,"Enter Meta Description","Enter Meta Keywords","2020-10-20 20:01:57",NULL
"495","15440",NULL,"Enter Meta Description","Enter Meta Keywords","2020-10-20 20:02:09",NULL
"496","15457",NULL,"Enter Meta Description","Enter Meta Keywords","2020-10-20 20:02:19",NULL
"497","15441",NULL,"Enter Meta Description","Enter Meta Keywords","2020-10-20 20:02:31",NULL
"498","15458",NULL,"Enter Meta Description","Enter Meta Keywords","2020-10-20 20:03:58",NULL
"499","15442",NULL,"Enter Meta Description","Enter Meta Keywords","2020-10-20 20:04:08",NULL
"500","15454",NULL,"Enter Meta Description","Enter Meta Keywords","2020-10-20 20:05:38",NULL
"501","15446",NULL,"Enter Meta Description","Enter Meta Keywords","2020-10-20 20:05:48",NULL
"502","15504",NULL,"Enter Meta Description","Enter Meta Keywords","2020-10-20 20:13:51",NULL
"503","15514",NULL,"Enter Meta Description","Enter Meta Keywords","2020-10-20 20:17:21",NULL
"504","15507",NULL,"Enter Meta Description","Enter Meta Keywords","2020-10-20 20:17:29",NULL
"505","15515",NULL,"Enter Meta Description","Enter Meta Keywords","2020-10-20 20:17:43",NULL
"506","15493",NULL,"Enter Meta Description","Enter Meta Keywords","2020-10-20 20:18:06",NULL
"507","15509",NULL,"Enter Meta Description","Enter Meta Keywords","2020-10-20 20:21:26",NULL
"508","15510",NULL,"Enter Meta Description","Enter Meta Keywords","2020-10-20 20:21:35",NULL
"509","15511",NULL,"Enter Meta Description","Enter Meta Keywords","2020-10-20 20:21:42",NULL
"510","15495",NULL,"Enter Meta Description","Enter Meta Keywords","2020-10-20 20:21:54",NULL
"511","15512",NULL,"Enter Meta Description","Enter Meta Keywords","2020-10-20 20:29:23",NULL
"512","15496",NULL,"Enter Meta Description","Enter Meta Keywords","2020-10-20 20:29:32",NULL
"513","15513",NULL,"Enter Meta Description","Enter Meta Keywords","2020-10-20 20:29:43",NULL
"514","15498",NULL,"Enter Meta Description","Enter Meta Keywords","2020-10-20 20:29:52",NULL
"515","15508",NULL,"Enter Meta Description","Enter Meta Keywords","2020-10-20 20:30:02",NULL
"516","15505",NULL,"Enter Meta Description","Enter Meta Keywords","2020-10-20 20:40:33",NULL
"517","15506",NULL,"Enter Meta Description","Enter Meta Keywords","2020-10-20 20:40:43",NULL
"518","15499",NULL,"Enter Meta Description","Enter Meta Keywords","2020-10-20 20:40:52",NULL
"519","15500",NULL,"Enter Meta Description","Enter Meta Keywords","2020-10-20 20:41:00",NULL
"520","15501",NULL,"Enter Meta Description","Enter Meta Keywords","2020-10-20 20:41:12",NULL
"521","15502",NULL,"Enter Meta Description","Enter Meta Keywords","2020-10-20 20:41:23",NULL
"522","15503",NULL,"Enter Meta Description","Enter Meta Keywords","2020-10-20 20:41:39",NULL
"523","9612",NULL,"Enter Meta Description","Enter Meta Keywords","2020-10-21 23:22:55",NULL
"524","9615",NULL,"Enter Meta Description","Enter Meta Keywords","2020-10-21 23:23:04",NULL
"525","9236",NULL,"Enter Meta Description","Enter Meta Keywords","2020-10-21 23:24:20",NULL
"526","6764",NULL,"Enter Meta Description","Enter Meta Keywords","2020-10-21 23:25:29",NULL
"527","10212",NULL,"Enter Meta Description","Enter Meta Keywords","2020-10-21 23:26:32",NULL
"528","6585",NULL,"Enter Meta Description","Enter Meta Keywords","2020-10-21 23:28:20",NULL
"530","8217",NULL,"Enter Meta Description","Enter Meta Keywords","2020-10-21 23:29:36",NULL
"531","216",NULL,"Enter Meta Description","Enter Meta Keywords","2020-10-21 23:30:51",NULL
"532","218",NULL,"Enter Meta Description","Enter Meta Keywords","2020-10-21 23:37:05",NULL
"533","5993",NULL,"Enter Meta Description","Enter Meta Keywords","2020-10-21 23:39:58",NULL
"535","14486",NULL,"Enter Meta Description","Enter Meta Keywords","2020-10-24 16:47:33",NULL
"536","3692",NULL,"Enter Meta Description","Enter Meta Keywords","2020-10-24 16:55:44",NULL
"537","4116",NULL,"Enter Meta Description","Enter Meta Keywords","2020-10-29 13:56:56",NULL
"538","4121",NULL,"Enter Meta Description","Enter Meta Keywords","2020-10-29 13:59:40",NULL
"539","4118",NULL,"Enter Meta Description","Enter Meta Keywords","2020-10-29 14:01:57",NULL
"540","5802",NULL,"Enter Meta Description","Enter Meta Keywords","2020-10-31 15:16:15",NULL
"541","5804",NULL,"Enter Meta Description","Enter Meta Keywords","2020-10-31 15:17:13",NULL
"542","5803",NULL,"Enter Meta Description","Enter Meta Keywords","2020-10-31 15:18:35",NULL
"543","5801",NULL,"Enter Meta Description","Enter Meta Keywords","2020-10-31 15:18:47",NULL
"545","14839",NULL,"Enter Meta Description","Enter Meta Keywords","2020-10-31 15:24:19",NULL
"546","14838",NULL,"Enter Meta Description","Enter Meta Keywords","2020-10-31 15:25:33",NULL
"547","9918",NULL,"Enter Meta Description","Enter Meta Keywords","2020-10-31 15:28:23",NULL
"548","9912",NULL,"Enter Meta Description","Enter Meta Keywords","2020-10-31 15:28:38",NULL
"549","9913",NULL,"Enter Meta Description","Enter Meta Keywords","2020-10-31 15:28:50",NULL
"550","9914",NULL,"Enter Meta Description","Enter Meta Keywords","2020-10-31 15:29:02",NULL
"551","9915",NULL,"Enter Meta Description","Enter Meta Keywords","2020-10-31 15:30:51",NULL
"552","9916",NULL,"Enter Meta Description","Enter Meta Keywords","2020-10-31 15:30:59",NULL
"553","9917",NULL,"Enter Meta Description","Enter Meta Keywords","2020-10-31 15:31:18",NULL
"554","4715",NULL,"Enter Meta Description","Enter Meta Keywords","2020-10-31 15:31:36",NULL
"555","12810",NULL,"Enter Meta Description","Enter Meta Keywords","2020-10-31 15:33:32",NULL
"556","3882",NULL,"Enter Meta Description","Enter Meta Keywords","2020-10-31 15:34:20",NULL
"557","3657",NULL,"Enter Meta Description","Enter Meta Keywords","2020-10-31 15:39:02",NULL
"558","3658",NULL,"Enter Meta Description","Enter Meta Keywords","2020-10-31 15:39:15",NULL
"559","3450",NULL,"Enter Meta Description","Enter Meta Keywords","2020-10-31 15:40:32",NULL
"560","3780",NULL,"Enter Meta Description","Enter Meta Keywords","2020-10-31 15:43:28",NULL
"561","3495",NULL,"Enter Meta Description","Enter Meta Keywords","2020-11-03 23:29:20",NULL
"562","3899",NULL,"Enter Meta Description","Enter Meta Keywords","2020-11-03 23:30:29",NULL
"563","7059",NULL,"Enter Meta Description","Enter Meta Keywords","2020-11-03 23:34:23",NULL
"564","612",NULL,"Enter Meta Description","Enter Meta Keywords","2020-11-03 23:35:15",NULL
"565","44",NULL,"Enter Meta Description","Enter Meta Keywords","2020-11-03 23:35:52",NULL
"566","284",NULL,"Enter Meta Description","Enter Meta Keywords","2020-11-03 23:36:14",NULL
"567","186",NULL,"Enter Meta Description","Enter Meta Keywords","2020-11-03 23:36:23",NULL
"568","15477",NULL,"Enter Meta Description","Enter Meta Keywords","2020-11-03 23:37:57",NULL
"569","5551",NULL,"Enter Meta Description","Enter Meta Keywords","2020-11-03 23:40:07",NULL
"570","3429",NULL,"Enter Meta Description","Enter Meta Keywords","2020-11-03 23:44:11",NULL
"571","8299",NULL,"Enter Meta Description","Enter Meta Keywords","2020-11-06 17:16:38",NULL
"572","6457",NULL,"Enter Meta Description","Enter Meta Keywords","2020-11-06 17:17:22",NULL
"573","8777",NULL,"Enter Meta Description","Enter Meta Keywords","2020-11-13 00:44:36",NULL
"574","8346",NULL,"Enter Meta Description","Enter Meta Keywords","2020-11-13 00:47:54",NULL
"575","8357",NULL,"Enter Meta Description","Enter Meta Keywords","2020-11-13 00:48:47",NULL
"576","8358",NULL,"Enter Meta Description","Enter Meta Keywords","2020-11-13 00:49:24",NULL
"577","10517",NULL,"Enter Meta Description","Enter Meta Keywords","2020-11-13 00:50:03",NULL
"578","7502",NULL,"Enter Meta Description","Enter Meta Keywords","2020-11-13 00:51:12",NULL
"579","10289",NULL,"Enter Meta Description","Enter Meta Keywords","2020-11-13 00:51:52",NULL
"580","6762",NULL,"Enter Meta Description","Enter Meta Keywords","2020-11-13 00:52:30",NULL
"581","6757",NULL,"Enter Meta Description","Enter Meta Keywords","2020-11-13 00:53:20",NULL
"582","6727",NULL,"Enter Meta Description","Enter Meta Keywords","2020-11-13 00:54:14",NULL
"583","14506",NULL,"Enter Meta Description","Enter Meta Keywords","2020-11-13 00:55:12",NULL
"584","14856",NULL,"Enter Meta Description","Enter Meta Keywords","2020-11-13 00:55:53",NULL
"585","6698",NULL,"Enter Meta Description","Enter Meta Keywords","2020-11-13 00:56:34",NULL
"586","5898",NULL,"Enter Meta Description","Enter Meta Keywords","2020-11-13 00:57:13",NULL
"587","12910",NULL,"Enter Meta Description","Enter Meta Keywords","2020-11-13 00:58:07",NULL
"588","9752",NULL,"Enter Meta Description","Enter Meta Keywords","2020-11-13 00:59:07",NULL
"589","9836",NULL,"Enter Meta Description","Enter Meta Keywords","2020-11-13 00:59:44",NULL
"590","9284",NULL,"Enter Meta Description","Enter Meta Keywords","2020-11-13 01:00:48",NULL
"591","9283",NULL,"Enter Meta Description","Enter Meta Keywords","2020-11-13 01:01:26",NULL
"592","3904",NULL,"Enter Meta Description","Enter Meta Keywords","2020-11-13 01:02:12",NULL
"593","9972",NULL,"Enter Meta Description","Enter Meta Keywords","2020-11-13 01:02:55",NULL
"594","4183",NULL,"Enter Meta Description","Enter Meta Keywords","2020-11-13 01:04:00",NULL
"595","13408",NULL,"Enter Meta Description","Enter Meta Keywords","2020-11-14 01:08:33",NULL
"596","4386",NULL,"Enter Meta Description","Enter Meta Keywords","2020-11-14 01:09:18",NULL
"597","7015",NULL,"Enter Meta Description","Enter Meta Keywords","2020-11-14 01:10:04",NULL
"598","4592",NULL,"Enter Meta Description","Enter Meta Keywords","2020-11-14 01:11:06",NULL
"599","8604",NULL,"Enter Meta Description","Enter Meta Keywords","2020-11-14 01:11:50",NULL
"600","4055",NULL,"Enter Meta Description","Enter Meta Keywords","2020-11-14 01:13:02",NULL
"601","8553",NULL,"Enter Meta Description","Enter Meta Keywords","2020-11-14 01:13:45",NULL
"602","8663",NULL,"Enter Meta Description","Enter Meta Keywords","2020-11-14 01:14:33",NULL
"603","8860",NULL,"Enter Meta Description","Enter Meta Keywords","2020-11-14 01:15:09",NULL
"604","5651",NULL,"Enter Meta Description","Enter Meta Keywords","2020-11-14 01:15:48",NULL
"605","14467",NULL,"Enter Meta Description","Enter Meta Keywords","2020-11-14 01:16:39",NULL
"606","3710",NULL,"Enter Meta Description","Enter Meta Keywords","2020-11-14 01:18:25",NULL
"607","10154",NULL,"Enter Meta Description","Enter Meta Keywords","2020-11-14 01:19:26",NULL
"608","9949",NULL,"Enter Meta Description","Enter Meta Keywords","2020-11-14 01:20:10",NULL
"609","9948",NULL,"Enter Meta Description","Enter Meta Keywords","2020-11-14 01:21:00",NULL
"610","9032",NULL,"Enter Meta Description","Enter Meta Keywords","2020-11-17 16:50:21",NULL
"611","7828",NULL,"Enter Meta Description","Enter Meta Keywords","2020-11-17 16:51:59",NULL
"612","4643",NULL,"Enter Meta Description","Enter Meta Keywords","2020-11-17 16:52:07",NULL
"613","10288",NULL,"Enter Meta Description","Enter Meta Keywords","2020-11-17 16:53:09",NULL
"614","10290",NULL,"Enter Meta Description","Enter Meta Keywords","2020-11-17 17:02:12",NULL
"615","10400",NULL,"Enter Meta Description","Enter Meta Keywords","2020-11-17 17:04:19",NULL
"616","10391",NULL,"Enter Meta Description","Enter Meta Keywords","2020-11-17 17:07:14",NULL
"617","7512",NULL,"Enter Meta Description","Enter Meta Keywords","2020-11-17 17:09:56",NULL
"618","7513",NULL,"Enter Meta Description","Enter Meta Keywords","2020-11-17 17:10:33",NULL
"619","9867",NULL,"Enter Meta Description","Enter Meta Keywords","2020-11-17 17:14:15",NULL
"620","9868",NULL,"Enter Meta Description","Enter Meta Keywords","2020-11-17 17:14:18",NULL
"621","9869",NULL,"Enter Meta Description","Enter Meta Keywords","2020-11-17 17:14:21",NULL
"622","6043",NULL,"Enter Meta Description","Enter Meta Keywords","2020-11-17 17:15:32",NULL
"623","15516",NULL,"Enter Meta Description","Enter Meta Keywords","2020-11-18 01:48:52",NULL
"624","15517",NULL,"Enter Meta Description","Enter Meta Keywords","2020-11-18 02:28:18",NULL
"625","15518",NULL,"Enter Meta Description","Enter Meta Keywords","2020-11-18 02:30:28",NULL
"626","15519",NULL,"Enter Meta Description","Enter Meta Keywords","2020-11-18 02:32:03",NULL
"627","9212",NULL,"Enter Meta Description","Enter Meta Keywords","2020-11-18 23:19:34",NULL
"628","13394",NULL,"Enter Meta Description","Enter Meta Keywords","2020-11-18 23:20:24",NULL
"629","13395",NULL,"Enter Meta Description","Enter Meta Keywords","2020-11-18 23:21:08",NULL
"630","13647",NULL,"Enter Meta Description","Enter Meta Keywords","2020-11-18 23:21:57",NULL
"631","13402",NULL,"Enter Meta Description","Enter Meta Keywords","2020-11-19 01:02:55",NULL
"632","4166",NULL,"Enter Meta Description","Enter Meta Keywords","2020-11-19 01:03:41",NULL
"633","15311",NULL,"Enter Meta Description","Enter Meta Keywords","2020-11-19 01:04:29",NULL
"634","13054",NULL,"Enter Meta Description","Enter Meta Keywords","2020-11-19 01:05:54",NULL
"635","13055",NULL,"Enter Meta Description","Enter Meta Keywords","2020-11-19 01:06:33",NULL
"636","13162",NULL,"Enter Meta Description","Enter Meta Keywords","2020-11-19 01:07:18",NULL
"637","13056",NULL,"Enter Meta Description","Enter Meta Keywords","2020-11-19 01:07:57",NULL
"638","7014",NULL,"Enter Meta Description","Enter Meta Keywords","2020-11-19 01:08:43",NULL
"639","15129",NULL,"Enter Meta Description","Enter Meta Keywords","2020-11-19 01:09:20",NULL
"640","15025",NULL,"Enter Meta Description","Enter Meta Keywords","2020-11-19 01:10:21",NULL
"641","15012",NULL,"Enter Meta Description","Enter Meta Keywords","2020-11-19 01:11:00",NULL
"642","395",NULL,"Enter Meta Description","Enter Meta Keywords","2020-11-19 01:12:01",NULL
"643","63",NULL,"Enter Meta Description","Enter Meta Keywords","2020-11-19 01:12:46",NULL
"644","64",NULL,"Enter Meta Description","Enter Meta Keywords","2020-11-19 01:13:19",NULL
"645","235",NULL,"Enter Meta Description","Enter Meta Keywords","2020-11-19 01:13:49",NULL
"646","80",NULL,"Enter Meta Description","Enter Meta Keywords","2020-11-19 01:14:23",NULL
"647","9439",NULL,"Enter Meta Description","Enter Meta Keywords","2020-11-19 01:14:51",NULL
"648","12809",NULL,"Enter Meta Description","Enter Meta Keywords","2020-11-19 01:15:34",NULL
"649","12839",NULL,"Enter Meta Description","Enter Meta Keywords","2020-11-19 01:16:21",NULL
"650","9187",NULL,"Enter Meta Description","Enter Meta Keywords","2020-11-19 01:17:07",NULL
"651","9465",NULL,"Enter Meta Description","Enter Meta Keywords","2020-11-19 01:17:59",NULL
"652","3640",NULL,"Enter Meta Description","Enter Meta Keywords","2020-11-19 01:19:04",NULL
"653","9937",NULL,"Enter Meta Description","Enter Meta Keywords","2020-11-19 01:19:45",NULL
"654","9936",NULL,"Enter Meta Description","Enter Meta Keywords","2020-11-19 01:20:28",NULL
"655","4286",NULL,"Enter Meta Description","Enter Meta Keywords","2020-11-19 01:21:04",NULL
